battery_power;blue;clock_speed;dual_sim;fc;four_g;int_memory;m_dep;mobile_wt;n_cores;pc;ram;sc_h;sc_w;touch_screen;wifi;price_range
842;0;2.2;0;1;0;7;0.6;188;2;2;2549;9;7;0;1;1
1021;1;0.5;1;0;1;53;0.7;136;3;6;2631;17;3;1;0;2
563;1;0.5;1;2;1;41;0.9;145;5;6;2603;11;2;1;0;2
615;1;2.5;0;0;0;10;0.8;131;6;9;2769;16;8;0;0;2
1821;1;1.2;0;13;1;44;0.6;141;2;14;1411;8;2;1;0;1
1859;0;0.5;1;3;0;22;0.7;164;1;7;1067;17;1;0;0;1
1821;0;1.7;0;4;1;10;0.8;139;8;10;3220;13;8;0;1;3
1954;0;0.5;1;0;0;24;0.8;187;4;0;700;16;3;1;1;0
1445;1;0.5;0;0;0;53;0.7;174;7;14;1099;17;1;0;0;0
509;1;0.6;1;2;1;9;0.1;93;5;15;513;19;10;0;0;0
769;1;2.9;1;0;0;9;0.1;182;5;1;3946;5;2;0;0;3
1520;1;2.2;0;5;1;33;0.5;177;8;18;3826;14;9;1;1;3
1815;0;2.8;0;2;0;33;0.6;159;4;17;1482;18;0;0;0;1
803;1;2.1;0;7;0;17;1.0;198;4;11;2680;7;1;0;1;2
1866;0;0.5;0;13;1;52;0.7;185;1;17;373;14;9;0;1;0
775;0;1.0;0;3;0;46;0.7;159;2;16;568;17;15;1;1;0
838;0;0.5;0;1;1;13;0.1;196;8;4;3554;10;9;0;1;3
595;0;0.9;1;7;1;23;0.1;121;3;17;3752;10;2;1;0;3
1131;1;0.5;1;11;0;49;0.6;101;5;18;1835;19;13;1;0;1
682;1;0.5;0;4;0;19;1.0;121;4;11;2337;11;1;1;1;1
772;0;1.1;1;12;0;39;0.8;81;7;14;2819;17;15;1;0;3
1709;1;2.1;0;1;0;13;1.0;156;2;2;3283;17;1;0;0;3
1949;0;2.6;1;4;0;47;0.3;199;4;7;1433;11;5;0;1;1
1602;1;2.8;1;4;1;38;0.7;114;3;20;1037;8;7;0;0;0
503;0;1.2;1;5;1;8;0.4;111;3;13;2583;11;0;0;0;1
961;1;1.4;1;0;1;57;0.6;114;8;3;2782;18;9;1;1;2
519;1;1.6;1;7;1;51;0.3;132;4;19;3763;16;1;0;1;3
956;0;0.5;0;1;1;41;1.0;143;7;6;3286;17;8;1;0;3
1453;0;1.6;1;12;1;52;0.3;96;2;18;2373;10;1;1;1;2
851;0;0.5;0;3;0;21;0.4;200;5;7;478;12;7;0;1;0
1579;1;0.5;1;0;0;5;0.2;88;7;9;3532;17;11;0;1;3
1568;1;0.5;0;16;0;33;1.0;150;8;20;508;5;1;1;1;0
1319;1;0.9;0;3;1;41;0.9;107;1;18;2227;18;5;1;1;1
1310;1;2.2;1;0;1;51;0.6;100;4;0;3845;7;0;1;0;3
644;1;2.7;0;0;0;22;0.7;157;8;3;1262;12;1;0;0;0
725;0;1.3;1;16;0;60;0.4;160;8;17;1326;10;4;0;0;1
589;1;2.3;1;1;0;61;0.6;160;4;10;2113;13;7;0;1;1
1725;1;1.6;1;6;1;6;0.5;119;2;18;3429;6;5;1;0;3
790;0;2.0;1;16;1;11;0.3;87;6;17;3169;6;1;0;1;2
560;0;0.5;1;15;0;50;0.3;159;2;20;2150;18;12;1;0;2
1347;0;2.9;0;5;0;44;0.6;132;1;14;2484;18;2;0;1;2
1646;1;2.3;0;8;1;41;0.2;185;2;10;3339;18;10;1;0;3
1253;1;0.5;1;5;1;5;0.2;152;2;19;1878;15;0;1;0;1
1656;0;1.0;0;5;1;34;0.1;166;3;7;1629;15;12;1;0;1
1195;1;2.8;0;1;1;20;0.8;110;2;14;504;9;3;1;0;0
1514;0;2.9;0;0;0;27;0.2;118;3;1;1152;8;3;1;1;1
1723;1;1.1;1;1;0;42;1.0;164;8;14;3587;10;5;0;0;3
1054;1;1.8;1;3;1;40;0.8;196;7;10;2296;16;12;0;1;1
578;1;2.6;1;2;1;57;0.2;162;8;8;1270;15;3;0;1;0
596;0;2.1;1;9;0;64;0.8;111;8;15;3238;16;13;0;0;3
1547;1;3.0;1;2;1;14;0.7;198;3;19;2059;5;0;0;1;2
1760;0;1.4;1;5;0;63;0.8;127;8;19;2053;19;12;1;0;2
1654;1;1.5;1;0;1;43;0.3;109;2;0;3112;12;5;1;0;3
1457;0;1.9;1;1;1;16;0.3;102;3;10;1440;17;8;0;1;1
1073;1;0.5;1;0;0;51;0.5;145;7;0;2908;6;0;1;0;2
1936;0;2.1;1;10;1;46;0.6;104;3;20;2552;14;7;0;0;2
823;1;2.7;1;13;0;60;0.5;148;8;19;905;14;11;1;1;0
987;0;1.3;1;0;1;61;0.4;107;3;9;3963;9;4;0;1;3
1757;0;0.5;0;8;0;49;0.5;180;6;14;2056;7;5;0;0;1
1063;0;1.4;1;2;1;48;1.0;128;5;4;2910;15;13;1;1;2
1484;0;3.0;0;3;0;12;0.6;134;3;5;1457;14;4;1;0;1
799;1;2.3;0;1;1;63;0.8;144;8;6;431;15;6;1;1;0
1156;1;1.2;1;0;1;50;0.8;159;2;0;470;7;0;1;0;0
1720;0;2.0;0;15;1;55;0.5;168;2;18;2148;14;2;1;1;2
702;0;2.6;1;2;1;9;0.7;141;3;3;2955;10;4;0;0;2
616;0;1.9;1;13;1;44;0.8;81;3;17;3366;18;8;1;0;3
1358;1;0.5;0;11;1;36;0.3;155;4;14;3068;9;4;1;0;3
1866;0;1.4;0;0;0;30;0.5;182;3;0;3834;16;11;0;0;3
1242;0;1.1;1;0;0;10;0.6;165;2;1;1050;11;1;0;1;0
1166;0;1.5;1;0;1;43;0.8;80;4;1;3993;7;1;1;0;3
1448;1;0.5;1;6;1;45;0.8;138;7;11;3378;13;11;1;1;3
1407;1;2.4;0;1;1;22;0.7;104;4;4;2192;9;7;0;1;2
605;0;1.0;0;8;1;9;0.1;142;3;16;392;15;6;0;0;0
1038;0;1.2;0;3;0;43;0.7;141;1;5;3709;11;0;1;1;3
797;1;2.9;1;4;0;38;0.5;90;4;6;590;9;2;1;0;0
819;0;0.6;1;8;1;42;0.9;188;6;20;1814;5;4;0;1;1
1114;0;2.8;0;4;1;9;0.4;197;3;15;907;10;7;1;0;0
1234;1;1.6;1;1;0;33;0.6;172;1;3;1449;11;7;0;1;0
1199;1;2.5;1;15;1;16;0.2;116;4;20;3448;17;13;0;1;3
1103;0;1.0;1;6;0;29;0.7;111;6;8;1837;8;7;1;1;1
1589;1;0.6;1;0;1;58;0.9;85;7;7;3464;19;10;1;1;3
999;0;2.9;1;11;1;64;0.2;199;4;19;2593;14;11;1;0;2
1510;1;0.9;1;2;0;45;0.9;180;5;3;3484;9;6;1;1;3
1008;0;0.8;0;11;0;61;1.0;114;3;15;2009;10;3;0;0;1
1127;1;2.9;1;5;1;57;0.8;163;1;13;2048;11;5;1;1;1
1412;1;2.4;0;5;0;25;0.8;96;8;17;837;15;9;0;1;1
1496;1;2.0;1;4;0;42;0.5;182;5;5;854;16;0;1;1;0
1083;1;2.9;1;1;1;64;0.8;178;3;11;3210;13;3;0;0;3
668;0;0.5;1;0;0;3;0.1;155;5;13;2746;9;5;1;1;2
1309;0;1.1;1;0;0;33;0.5;100;4;14;2334;10;1;0;1;2
1724;0;2.0;1;2;1;57;0.5;177;3;5;2822;19;3;1;0;3
1977;1;2.0;1;7;1;54;1.0;171;7;18;1971;18;7;1;0;2
885;0;2.3;1;0;1;15;0.4;103;7;0;1410;16;10;1;1;0
879;1;2.5;0;11;1;14;0.7;83;6;15;349;16;10;0;1;0
1322;0;1.7;1;6;0;7;0.8;140;3;9;1418;19;17;1;0;1
1137;1;1.0;0;18;0;7;1.0;196;3;19;3616;13;5;1;1;3
1355;0;2.3;0;10;1;23;0.2;132;5;16;880;19;4;1;0;0
1665;1;0.5;0;3;1;60;0.2;194;6;18;1601;18;17;0;0;2
657;0;2.5;0;0;0;37;0.7;141;2;1;1412;14;3;1;0;0
593;0;0.5;0;6;0;31;0.4;156;7;7;1692;6;2;0;0;1
1883;1;0.5;0;3;1;10;0.3;146;6;13;2600;16;8;0;0;3
1732;1;1.1;0;4;1;12;0.8;119;8;9;1308;16;7;0;1;1
543;0;0.5;0;0;0;57;0.7;192;5;4;2413;17;14;0;0;1
1939;1;2.8;1;0;1;55;0.6;199;4;10;1047;14;10;1;0;0
553;0;2.4;1;1;1;8;0.5;121;7;3;1204;11;4;1;1;0
832;0;0.7;1;2;1;39;0.7;103;4;3;1799;5;2;0;1;1
1661;0;1.9;1;5;0;23;1.0;172;5;10;2676;12;6;1;1;3
1657;1;2.4;0;3;0;42;0.1;198;5;16;2597;18;1;0;0;3
1135;1;2.0;1;0;0;46;0.3;83;1;4;3029;19;17;1;1;3
1775;1;1.5;0;3;0;41;0.1;163;1;7;2343;19;13;1;1;3
783;0;1.8;1;0;1;43;1.0;106;3;4;2016;16;4;1;0;1
617;1;2.3;0;0;0;32;0.5;199;7;20;2213;18;13;0;0;1
867;0;1.4;1;0;1;4;0.7;135;6;1;790;13;6;1;0;0
1310;1;1.1;1;13;0;7;1.0;194;5;14;3182;8;4;1;0;2
1804;0;0.5;0;9;1;22;0.6;153;7;19;3472;9;1;0;1;3
1900;1;2.3;0;1;1;18;0.2;89;7;9;2871;12;1;1;1;3
909;1;1.4;0;0;0;53;0.3;82;8;0;3187;12;9;0;0;2
1084;1;2.6;0;3;1;40;0.9;107;3;11;1945;15;4;1;0;1
1308;0;1.3;1;8;0;46;0.9;199;1;12;488;5;3;1;0;0
1778;0;0.5;0;0;0;15;0.5;102;3;0;1214;5;0;0;0;1
1701;1;1.6;1;3;0;10;0.3;194;8;7;2598;12;9;1;0;2
772;1;2.4;1;1;1;10;0.5;80;4;2;3242;18;11;1;0;3
825;1;0.5;1;7;0;52;0.9;130;3;10;3534;10;4;1;0;3
1379;0;1.1;0;5;1;36;0.8;200;2;7;3426;5;4;1;1;3
1166;0;2.0;0;3;1;25;0.8;198;5;4;2488;13;5;0;0;2
1659;0;2.8;0;5;0;16;0.6;89;1;20;3255;19;14;0;1;3
826;1;2.4;1;0;1;58;0.3;88;4;1;2863;9;3;0;1;2
1564;0;2.3;0;4;1;25;0.5;189;6;17;1496;6;4;1;1;1
1957;0;0.9;1;11;0;31;0.6;181;3;16;3801;12;0;0;1;3
1571;0;1.4;0;0;1;19;0.1;100;6;1;666;12;10;1;0;0
1414;0;2.0;1;2;0;54;0.8;99;7;3;3799;17;7;0;1;3
1790;0;2.5;1;9;0;2;0.1;184;1;14;1366;7;0;1;1;1
645;0;0.5;0;1;0;41;1.0;197;7;10;2962;12;9;1;1;2
668;0;2.9;1;7;0;30;0.2;195;8;12;2399;10;5;1;1;1
1652;1;1.1;1;1;0;36;0.7;89;4;5;2338;12;8;0;0;2
1213;1;0.5;0;0;0;16;0.5;108;5;0;2700;12;3;0;1;2
1272;1;2.5;1;0;0;22;0.9;133;6;8;2235;19;4;0;0;1
866;0;0.5;1;5;1;46;0.5;179;8;7;3825;12;11;1;1;3
536;0;2.4;1;12;1;3;0.3;182;7;14;284;12;9;1;0;0
523;0;2.6;1;1;0;14;0.1;155;8;2;1427;9;1;1;0;0
1753;0;0.5;1;0;1;31;0.1;134;1;18;1324;17;0;0;1;2
1218;0;1.8;1;1;1;14;0.5;147;3;4;398;17;0;0;0;0
1537;1;2.5;0;4;1;43;0.3;137;1;5;3685;18;17;1;1;3
786;0;2.2;1;0;0;33;0.5;141;7;6;2390;12;11;0;1;2
1678;0;2.1;0;3;1;64;0.9;134;3;11;278;19;0;1;0;0
1814;0;1.4;1;1;1;9;0.4;141;2;2;3556;18;12;0;0;3
1101;0;1.8;0;0;0;31;0.2;148;2;7;2196;12;6;1;1;1
1461;0;2.4;1;3;1;40;0.5;141;7;4;3799;16;1;0;0;3
1216;0;3.0;0;4;0;47;0.4;199;3;7;2268;13;5;1;1;2
506;0;1.6;0;6;1;41;0.8;159;1;7;2965;13;10;0;0;2
843;1;0.5;0;1;1;56;0.1;147;5;17;2341;10;1;1;1;1
742;0;2.2;1;4;0;56;0.2;190;7;14;3557;16;11;1;1;3
1692;1;2.1;0;3;1;61;0.9;176;6;12;1354;16;7;0;0;1
1485;0;1.0;0;2;1;32;0.7;84;2;9;2147;19;1;1;0;2
1547;0;2.9;1;6;0;45;0.7;166;2;8;505;12;2;1;1;0
1692;0;2.3;1;4;1;46;0.9;139;1;6;1394;16;10;1;0;1
637;0;2.3;0;3;1;60;0.8;97;4;4;374;18;4;0;1;0
1224;0;0.5;0;16;1;6;0.4;109;6;18;506;10;0;1;1;0
1356;0;2.8;0;0;0;29;0.5;198;6;0;3702;17;0;0;0;3
1840;0;0.5;1;12;0;34;0.7;142;1;16;1078;8;0;0;0;1
1481;1;0.7;1;4;1;37;0.6;96;5;13;2945;10;5;1;1;2
961;1;1.5;1;10;0;51;0.3;152;6;16;2981;15;6;1;1;2
1296;0;0.9;1;0;1;14;0.5;124;5;3;490;7;1;1;1;0
1193;0;0.9;0;11;0;26;0.5;166;1;20;536;17;14;0;1;0
1441;0;2.1;1;11;1;3;0.1;118;8;17;2317;16;4;0;1;2
517;0;1.4;1;3;1;33;0.8;183;4;8;3704;17;16;0;1;3
748;1;1.7;0;0;1;27;0.9;150;8;4;2126;18;9;0;0;1
1126;1;2.4;0;2;1;10;0.4;160;6;3;2050;7;6;1;1;2
1572;0;0.6;0;0;1;58;0.2;157;7;8;2462;12;8;0;0;3
1569;0;2.8;1;17;0;44;0.3;110;4;20;1260;9;2;0;0;1
1270;1;0.6;1;2;1;32;0.5;101;7;6;3770;5;3;1;0;3
1854;0;3.0;0;2;1;8;0.1;101;5;5;1886;17;4;1;0;1
625;1;1.2;1;5;1;10;0.2;183;4;8;3323;9;1;1;1;2
1577;0;0.5;1;0;1;42;0.3;197;5;4;2060;19;6;0;0;2
534;0;0.5;1;0;1;16;1.0;189;5;1;3926;16;12;0;0;3
946;0;1.7;1;8;1;25;0.8;143;6;15;2177;7;5;1;1;2
685;0;0.5;0;2;0;29;0.8;93;7;10;728;14;8;0;1;0
1949;0;1.3;1;0;0;23;0.1;101;5;1;2478;14;8;0;0;3
947;0;0.8;1;0;1;22;0.1;197;2;13;2842;16;12;0;0;2
801;1;2.2;1;2;0;63;0.4;165;7;4;1617;17;4;0;1;1
703;1;2.7;0;12;1;30;0.3;113;1;20;1472;14;7;0;0;0
1165;1;2.4;0;11;0;41;0.2;178;6;12;764;19;12;0;0;0
1082;0;0.8;0;0;0;38;0.1;198;8;5;2337;6;1;1;1;2
959;1;2.6;1;15;0;20;1.0;84;4;19;3965;16;1;0;0;3
1502;1;1.2;0;0;0;54;0.2;138;5;12;3693;17;14;1;0;3
1380;1;2.1;1;1;1;4;0.8;92;3;13;797;13;2;1;0;0
1266;0;0.5;0;0;1;5;0.1;95;6;9;1687;11;0;0;0;2
1934;1;2.6;1;0;1;46;0.1;103;1;17;2940;13;9;1;1;3
1905;1;0.5;0;3;1;6;0.5;151;1;5;1545;9;5;1;0;1
1831;0;1.4;1;2;0;43;0.9;150;5;5;3834;17;7;1;1;3
596;0;1.4;0;8;0;46;0.6;165;1;18;2505;15;4;1;0;1
1562;1;1.3;1;1;1;7;0.2;190;5;15;2243;12;10;0;0;2
1490;1;0.5;1;4;1;64;0.3;150;8;8;3600;17;9;1;1;3
1523;1;2.4;0;5;1;57;0.2;117;2;6;3971;18;12;1;1;3
640;0;0.6;0;0;0;20;0.1;163;4;15;2844;7;5;1;0;2
1526;0;2.1;0;1;1;23;0.2;117;7;8;2227;18;10;1;0;2
1989;0;2.5;1;0;1;41;0.8;94;3;13;1665;17;9;1;1;2
1308;0;1.9;0;0;1;61;0.7;106;3;7;3355;15;2;0;1;3
609;0;0.5;0;3;0;26;0.3;93;4;4;1866;11;10;1;1;1
1905;0;0.6;1;9;1;36;0.4;119;3;20;1287;13;4;0;0;1
1703;1;0.5;0;0;1;22;0.6;192;1;0;1046;5;4;0;1;0
1445;1;2.4;1;7;1;20;0.4;173;7;15;1441;7;4;1;1;1
1087;0;1.3;0;0;1;16;0.3;166;3;9;690;14;6;0;1;0
671;0;0.9;1;10;0;30;0.7;105;7;17;2504;6;4;0;0;2
1472;1;2.3;0;6;0;61;0.1;168;6;19;2677;19;15;0;0;2
765;0;0.5;1;0;1;47;0.3;115;8;1;2243;11;7;0;1;2
1642;0;0.5;1;16;1;8;0.3;171;6;17;2984;13;4;0;1;2
1265;0;1.5;0;7;0;49;0.7;182;5;16;1362;5;0;0;1;1
664;1;1.1;1;1;1;51;0.1;110;7;4;3629;19;15;1;1;3
1277;1;0.5;1;0;1;35;0.4;142;6;6;3559;18;17;1;0;3
1395;0;1.8;1;0;0;23;0.1;111;3;1;2571;11;0;0;1;2
1539;1;2.6;0;0;0;41;0.1;159;8;0;2107;15;9;0;1;2
1049;1;2.2;0;9;0;63;0.5;135;5;17;1022;11;3;0;0;0
1827;0;1.7;0;4;1;39;0.5;128;5;16;2844;14;9;1;0;2
903;0;1.0;1;0;1;50;0.4;91;1;0;711;9;5;1;0;0
1987;1;0.5;0;3;1;53;1.0;181;3;7;3117;18;5;1;1;3
1154;0;1.2;1;0;1;49;0.2;181;8;2;978;5;3;0;1;0
1336;0;0.9;0;5;1;17;0.2;194;5;9;1869;13;1;1;1;1
1886;0;0.5;0;0;1;24;0.4;112;3;1;1179;16;7;0;1;1
1551;0;1.1;0;4;0;51;0.1;88;5;6;3844;11;8;1;0;3
850;1;1.6;1;6;1;29;0.5;133;5;19;593;19;17;0;1;0
660;0;0.5;0;5;1;40;0.5;111;2;10;588;6;5;1;1;0
1225;1;2.1;1;8;0;13;0.5;116;4;12;3836;12;11;0;0;3
1452;1;0.5;1;1;1;25;0.9;123;6;11;2669;12;10;0;0;2
1686;1;2.8;1;3;0;38;0.1;166;4;4;2958;14;11;0;0;3
1634;1;1.4;0;1;1;17;0.2;200;2;5;3031;11;6;1;1;3
1708;1;2.4;1;18;1;49;0.1;109;1;19;3388;6;4;1;1;3
1151;1;2.9;1;0;0;31;0.6;128;8;1;2377;18;8;1;0;2
1578;0;1.9;1;2;1;37;0.1;138;4;19;2458;19;16;0;1;2
1689;0;1.8;0;17;0;24;0.3;127;3;18;2766;7;2;1;1;3
1488;0;0.5;0;1;0;39;0.8;112;5;6;3054;14;10;0;0;3
1313;1;1.8;1;4;0;9;0.4;105;1;6;3791;11;10;1;1;3
1715;0;1.0;1;4;1;31;0.5;83;8;17;625;17;6;0;0;0
1442;0;1.0;1;0;0;27;0.1;192;3;19;2227;6;5;1;0;1
528;0;1.7;0;12;1;6;0.8;142;2;15;3256;9;8;1;0;2
1523;1;1.8;0;6;1;11;0.1;129;1;8;707;19;8;1;0;0
1133;0;1.4;0;3;0;42;0.1;199;5;12;1457;18;12;0;1;1
1718;1;2.5;1;14;1;6;0.1;183;5;16;3755;7;1;1;1;3
1330;0;0.5;0;0;0;38;1.0;183;7;1;1733;9;0;0;1;1
1799;1;0.5;0;0;0;49;0.4;107;4;2;720;12;2;1;1;0
633;1;2.2;0;0;1;49;0.1;139;8;1;3560;11;1;1;1;2
724;0;2.7;1;0;0;44;0.5;187;7;0;2311;7;6;0;0;2
822;1;0.5;0;0;1;51;0.3;157;6;20;3846;10;1;0;0;3
1918;0;1.9;0;2;0;10;0.6;110;5;10;1717;7;1;1;1;2
1891;0;2.8;0;7;1;37;0.4;129;7;14;3704;8;6;0;0;3
1373;1;1.0;1;2;0;50;0.2;127;7;12;3800;8;3;0;0;3
862;1;0.8;1;3;0;23;0.4;165;2;15;278;16;3;0;1;0
1273;0;1.0;0;3;1;48;0.4;99;4;15;1767;18;15;1;0;1
957;1;2.5;0;4;0;7;0.8;107;5;10;1846;12;5;0;1;1
1617;1;1.3;1;3;1;30;0.7;105;2;4;829;9;0;0;0;0
893;0;2.5;1;0;0;55;0.6;183;2;1;2986;7;1;1;1;2
1210;0;0.5;0;0;0;63;0.1;93;5;0;2394;17;9;0;0;2
708;1;2.7;1;0;1;63;1.0;195;8;7;2169;6;5;1;1;1
835;0;1.1;1;2;0;7;0.2;101;4;7;1181;13;5;1;1;0
1450;1;2.7;1;9;0;19;0.6;131;1;17;575;15;9;0;0;0
973;1;1.5;0;5;1;57;0.2;190;7;16;2977;6;4;0;0;2
601;1;1.4;0;4;1;4;0.1;154;4;13;532;12;8;1;1;0
507;1;0.5;1;1;0;32;0.5;141;7;11;1702;17;0;1;1;1
564;0;1.8;1;0;1;51;0.5;168;3;1;1074;14;8;1;0;0
1559;1;1.6;1;6;1;6;0.5;162;6;17;3352;9;1;1;1;3
754;0;0.5;1;7;1;59;0.7;178;7;10;1027;6;3;0;0;1
728;0;2.7;1;0;0;25;0.2;88;4;1;2039;5;1;1;1;1
1431;1;0.5;0;0;1;56;0.6;191;1;1;461;7;3;0;0;0
767;0;1.5;0;4;0;28;0.7;175;4;10;527;10;0;1;0;0
1722;0;2.6;0;8;0;18;0.8;177;2;16;3271;14;0;0;1;3
1992;1;1.6;0;5;1;57;1.0;100;2;15;606;9;3;1;1;1
1876;0;0.5;0;10;1;40;0.3;86;6;14;2513;10;8;1;0;3
1054;0;1.1;1;10;1;38;0.4;136;6;12;1675;18;4;1;1;1
1283;1;1.6;1;4;0;47;0.9;93;5;5;2698;9;6;1;0;2
1281;1;2.3;1;0;0;28;0.3;148;1;6;1129;12;1;1;0;1
1066;0;0.6;0;2;1;7;0.9;114;7;18;468;19;13;1;0;0
730;0;2.1;1;0;1;4;0.1;89;8;2;1210;19;15;1;1;0
1053;1;0.8;1;7;1;45;0.3;103;1;12;3086;17;6;1;1;3
1611;1;0.5;1;11;0;3;0.6;98;3;14;1595;8;4;0;1;1
793;0;1.0;1;5;1;30;0.9;133;2;15;2332;17;13;1;1;2
1220;0;2.9;0;3;0;62;0.5;125;4;8;2589;19;11;1;1;2
1662;0;0.5;0;0;1;61;0.8;126;4;13;3760;9;5;1;1;3
1281;1;2.8;1;3;1;8;0.3;144;4;19;1851;8;2;1;0;1
538;0;0.8;0;12;1;2;0.8;177;7;13;417;8;4;0;1;0
823;1;0.5;0;0;0;39;0.4;187;8;4;294;13;9;0;1;0
1733;1;2.8;0;3;1;36;1.0;119;6;20;3576;17;16;0;0;3
1429;0;1.5;1;0;1;40;0.9;100;3;14;3945;11;7;0;1;3
1839;1;1.2;0;9;1;54;0.5;200;7;11;927;19;10;0;1;1
659;0;2.7;0;6;1;6;0.5;110;3;7;2044;15;5;0;1;1
1953;1;2.1;1;7;0;56;0.1;158;8;9;2334;11;5;0;0;2
1172;0;1.9;0;0;1;27;0.7;164;1;3;1477;12;0;0;0;1
612;1;1.9;1;6;0;16;0.3;102;7;7;3161;8;4;0;0;3
1563;0;2.4;0;0;1;24;0.2;170;8;0;3660;7;5;1;0;3
1191;0;1.3;1;16;1;26;0.8;84;1;20;1604;14;3;0;1;1
615;1;0.5;1;0;0;42;0.6;163;6;4;2211;7;4;0;1;1
1893;1;2.1;1;8;0;63;0.2;134;2;11;3822;14;3;1;1;3
1563;0;1.7;1;10;0;16;0.1;151;7;13;3922;11;1;0;1;3
1995;1;1.9;0;6;0;9;0.8;139;6;18;1203;14;12;1;1;2
1517;0;0.5;0;6;1;48;0.6;143;5;14;2822;15;5;1;1;3
832;0;1.6;1;1;1;34;0.3;108;5;5;447;15;13;1;0;0
1162;0;2.0;0;0;1;56;0.7;114;7;1;1652;5;0;0;0;1
1595;1;2.6;0;7;0;12;0.3;121;8;19;3608;15;1;1;0;3
1329;1;1.0;0;1;0;52;0.9;181;6;2;1228;8;6;0;1;1
928;1;0.5;1;11;0;56;0.7;80;8;13;666;19;10;1;0;0
1656;1;0.5;1;8;1;38;0.1;105;7;17;1499;12;8;0;1;1
1937;1;1.7;0;17;0;58;0.6;189;1;19;3321;5;4;1;0;3
977;1;1.1;1;2;0;57;0.6;181;6;7;1206;7;1;1;1;0
768;1;0.9;0;16;1;56;0.1;113;1;20;952;19;3;0;1;0
1464;1;0.5;1;11;0;12;0.9;117;2;14;3927;5;3;1;1;3
1177;0;0.9;0;1;1;29;0.4;191;2;8;311;18;5;0;0;0
1348;0;2.0;0;18;0;52;0.3;98;3;20;955;18;11;1;1;1
1956;0;2.2;0;0;1;37;0.5;87;3;2;1109;13;1;1;0;1
1751;0;0.5;1;6;0;8;0.6;178;6;20;2969;8;6;0;1;2
1530;0;2.0;0;11;0;42;0.8;177;6;13;725;11;10;0;1;0
1997;1;1.8;1;1;0;40;0.5;185;4;8;1655;7;6;0;0;2
1414;1;1.5;1;5;0;44;0.5;180;2;6;3490;16;12;1;0;3
1707;0;1.4;0;0;0;41;0.8;80;7;2;1774;12;0;0;0;2
894;0;0.5;1;1;1;50;0.5;199;3;14;3615;13;0;0;1;3
645;0;1.2;0;6;1;41;0.7;184;8;17;714;18;2;1;0;0
1163;0;2.8;1;0;0;49;0.6;155;2;0;2768;19;2;0;1;2
1126;0;0.7;0;3;0;49;0.9;165;8;17;3739;14;1;0;0;3
1648;0;0.7;0;6;1;64;0.8;170;4;9;610;8;1;1;0;1
1170;1;0.9;0;6;1;14;0.4;199;2;13;715;18;5;0;1;0
508;0;0.8;0;7;1;42;0.3;94;1;8;663;13;12;0;0;0
1097;0;2.1;1;6;0;64;0.2;161;3;8;1725;14;5;0;1;1
728;0;1.7;1;0;1;5;0.6;101;2;20;834;16;0;1;0;0
1980;0;0.5;1;2;1;29;0.8;177;1;13;3865;12;10;0;0;3
1504;0;2.3;1;1;0;64;0.9;182;1;2;3059;6;5;1;0;3
1379;1;2.1;1;14;1;63;1.0;83;1;17;651;9;6;1;0;0
1698;0;2.1;0;5;1;18;0.9;160;6;20;796;13;3;0;1;0
920;0;2.1;1;5;0;25;0.4;115;7;14;785;10;7;1;1;0
1144;1;1.5;1;0;0;21;0.4;189;1;11;3252;16;0;0;0;2
1995;1;0.5;0;6;0;26;0.2;129;1;15;1322;15;11;1;1;1
1430;0;0.5;1;1;0;27;0.5;183;1;16;2832;7;1;1;1;2
972;1;0.5;1;5;0;13;0.4;193;5;8;1615;11;6;1;0;1
662;0;0.5;0;5;0;20;0.8;138;1;10;2125;17;15;1;1;1
1867;0;2.3;0;0;1;9;0.1;191;6;3;990;6;1;0;1;1
1730;0;2.0;1;0;1;20;0.1;143;4;10;1595;14;0;1;0;1
1723;1;1.0;0;1;1;7;0.6;126;3;17;1213;5;0;1;1;1
1882;1;1.3;1;8;0;47;0.2;140;2;13;2500;17;1;0;1;2
803;0;0.8;1;0;0;18;0.3;106;4;1;2801;18;15;1;0;2
580;1;1.2;1;0;0;47;0.9;91;3;1;3451;15;1;1;0;3
668;0;2.3;0;2;1;48;0.3;114;1;19;1201;14;12;1;0;0
1391;0;1.4;0;2;1;36;0.8;182;1;6;3139;14;7;1;0;2
1560;0;2.3;0;0;1;22;0.8;169;7;1;1938;15;11;1;1;2
821;0;1.8;1;5;0;54;0.1;109;3;9;3185;8;4;0;0;2
811;1;2.4;1;5;1;2;0.3;106;6;13;2111;18;7;0;1;1
1989;1;2.9;1;8;0;17;0.1;193;8;15;2369;7;0;1;0;2
1034;1;2.7;1;6;0;37;0.7;120;7;20;3625;17;1;1;1;3
618;0;2.1;0;2;0;6;0.3;86;1;4;1051;13;10;0;1;0
654;1;1.3;0;0;1;52;0.7;196;4;4;1036;17;4;0;0;1
576;1;2.8;0;2;1;10;0.2;184;5;7;2938;6;0;1;1;2
667;1;0.6;0;6;1;3;0.7;185;6;13;2855;5;0;0;1;2
869;1;1.0;0;7;1;57;0.6;118;1;15;2727;13;3;0;0;2
635;1;0.5;1;2;0;42;0.4;149;3;4;2973;12;5;0;1;2
609;1;3.0;0;15;1;44;0.3;117;1;16;2581;15;11;0;1;1
1557;0;2.8;1;16;0;2;0.1;123;5;20;2690;18;16;0;1;3
1604;1;1.7;0;2;0;33;1.0;191;8;5;916;13;10;1;1;0
1182;0;0.5;0;7;1;8;0.5;138;8;16;2563;19;17;0;0;2
848;1;2.1;1;10;1;19;0.8;148;7;18;3359;10;0;0;0;2
1610;1;2.9;0;7;1;64;0.9;181;4;12;941;8;4;1;0;1
1828;1;2.1;1;0;0;17;0.9;199;1;1;2280;17;14;0;0;2
880;0;2.0;1;1;1;50;0.5;194;7;3;827;15;9;0;1;0
1394;1;0.9;1;10;1;62;0.3;175;5;13;473;11;1;1;0;0
1960;1;2.3;1;1;1;61;0.3;86;7;3;3865;10;7;0;0;3
809;0;0.8;0;10;0;21;0.9;91;7;19;1274;18;7;0;0;1
899;0;0.5;1;13;1;57;0.9;172;2;18;364;11;1;1;0;0
1976;1;0.7;1;4;0;32;0.8;171;2;7;3699;17;11;1;1;3
879;0;1.5;1;0;1;21;0.8;187;4;2;2927;14;13;0;1;2
916;1;2.6;0;0;0;36;0.3;195;4;12;1470;13;0;1;0;0
763;0;1.7;1;8;1;2;0.5;92;8;14;1050;6;4;1;0;0
508;0;1.6;1;0;0;9;0.4;162;6;2;2616;18;8;1;1;2
825;0;2.9;1;0;0;34;0.8;99;8;17;2915;8;2;1;0;3
1864;0;1.4;0;8;1;46;0.7;178;1;12;2686;11;7;1;1;2
1725;0;0.5;1;8;1;52;1.0;185;6;12;1243;19;18;1;1;1
1108;1;2.9;0;10;0;52;0.1;183;2;12;3264;16;1;1;1;3
1011;0;1.1;0;4;1;36;0.2;131;7;18;2261;7;6;1;1;1
1703;1;1.5;1;17;1;55;0.7;138;5;19;2993;5;1;1;1;3
1067;1;1.7;1;0;0;58;0.5;135;7;0;706;12;9;1;0;0
1334;1;2.4;0;5;1;42;0.6;115;5;14;2542;10;1;0;0;3
775;1;2.6;0;0;0;30;0.4;189;7;10;2523;17;16;0;1;2
1899;1;0.6;0;0;0;26;0.1;151;2;0;336;13;11;0;1;0
930;1;1.3;1;1;1;14;0.4;97;6;10;2457;11;7;1;0;1
1058;0;1.5;0;2;0;19;0.4;166;4;14;418;9;7;0;1;0
1187;1;2.2;0;0;1;46;0.4;145;2;9;3917;13;11;0;1;3
1874;1;2.7;1;10;0;8;0.9;166;7;13;1246;8;1;0;1;1
1482;0;0.5;0;2;0;48;0.2;142;7;10;2971;12;8;1;1;2
1809;1;1.7;0;3;1;59;0.1;174;3;4;2324;10;6;0;1;2
864;1;3.0;1;0;1;54;0.7;187;2;1;3121;18;2;1;1;2
625;1;1.9;0;12;1;33;0.2;191;1;20;3801;10;6;0;0;2
1880;1;1.8;0;4;1;18;0.7;138;3;5;3333;17;15;0;0;3
1138;0;1.4;0;12;1;44;0.2;187;8;17;3475;19;3;0;0;3
560;0;0.5;0;14;0;23;1.0;146;8;15;2360;17;16;1;1;1
1117;0;0.5;0;1;0;12;0.6;144;7;8;2895;7;6;1;0;2
1712;0;1.4;0;1;0;63;0.5;137;7;12;3652;16;1;0;0;3
1836;1;1.7;1;3;0;26;0.1;134;6;16;3097;5;0;1;0;3
1036;1;2.4;0;0;0;39;0.2;119;7;3;2101;10;7;1;0;1
1860;1;2.3;0;15;0;23;0.6;162;4;16;3918;9;2;1;0;3
1375;1;1.1;0;3;1;9;0.9;145;7;19;3869;19;18;1;1;3
1945;0;1.6;1;0;1;57;0.3;195;4;1;732;14;1;1;0;1
1896;0;0.5;1;8;1;7;0.4;141;2;13;3684;9;7;0;0;3
788;0;2.5;1;4;1;57;0.9;91;8;12;3969;12;8;1;1;3
880;1;1.7;1;0;0;33;0.7;173;2;2;1414;12;1;1;0;0
1323;1;2.5;1;10;1;28;0.2;131;4;12;1892;10;0;1;1;1
1868;0;2.0;1;0;1;42;0.2;169;1;4;3131;8;3;1;1;3
1266;0;1.9;1;0;1;7;0.2;184;3;12;2532;10;5;1;1;2
1042;0;2.7;1;16;1;50;0.8;93;7;18;3215;18;0;1;1;3
1479;0;0.5;0;8;0;19;0.6;156;3;10;3323;13;12;0;1;3
1476;1;1.2;1;0;1;55;0.1;171;4;5;1529;13;8;0;1;2
1552;1;2.2;0;6;1;13;0.2;123;6;9;2403;9;2;1;1;2
1454;1;0.5;1;1;0;34;0.7;83;4;3;3419;7;5;1;0;3
1007;0;2.0;0;0;0;45;0.1;95;5;2;3648;9;0;0;0;3
652;1;2.4;1;9;1;17;0.7;173;5;11;1974;12;10;0;0;0
1504;0;1.5;0;12;1;34;0.7;142;8;15;2806;7;2;0;1;2
1726;1;0.9;1;2;0;51;0.6;193;4;3;2239;13;9;0;1;2
1029;1;1.9;1;5;1;5;0.2;171;5;8;582;15;7;1;1;0
1582;0;2.8;0;2;1;44;0.5;112;6;13;3890;17;10;1;1;3
1478;1;0.8;1;12;0;48;0.7;99;5;17;1141;5;2;0;1;1
1178;1;1.3;0;0;0;49;0.6;101;5;0;2511;6;3;0;0;2
707;0;2.1;1;2;0;25;0.8;131;3;17;3838;9;2;0;1;3
755;1;2.8;0;5;1;51;0.3;186;4;12;2734;10;1;0;1;2
912;1;2.0;0;1;0;54;0.3;161;8;5;2330;19;5;1;0;1
651;1;0.8;1;2;1;63;0.2;176;5;4;2244;14;9;1;0;1
1483;0;2.1;0;1;1;54;0.2;176;7;2;1851;15;13;1;0;1
914;1;0.9;0;2;0;4;0.8;100;2;12;808;11;7;1;0;0
1456;1;0.5;1;7;0;7;0.4;105;5;12;1587;6;5;0;1;1
1178;0;2.2;1;6;0;57;0.3;84;3;17;2492;16;14;1;0;2
1503;1;0.7;0;10;1;43;0.2;166;4;14;2122;15;1;0;0;2
1681;1;2.5;0;2;0;11;0.4;158;2;13;1122;12;6;1;1;0
715;0;2.3;1;4;0;48;0.1;160;4;6;3709;14;2;0;0;2
1876;0;2.8;1;3;1;56;0.4;182;3;4;3021;12;2;0;0;2
1190;1;2.2;1;9;0;47;0.3;186;6;10;624;9;3;1;1;0
1755;1;1.3;0;0;1;24;0.1;134;7;2;3937;8;1;0;1;3
1197;0;1.3;0;3;1;20;0.5;149;6;7;1797;19;5;1;1;1
1048;1;0.9;0;10;1;28;0.8;194;2;19;1458;5;1;0;1;1
1887;1;3.0;1;6;1;17;0.2;126;8;7;3348;18;16;1;0;3
1772;1;0.5;1;3;0;64;0.7;116;8;15;1834;5;2;1;1;1
1421;0;2.8;0;0;1;57;0.4;165;1;2;2775;13;8;0;1;3
1464;0;0.5;1;0;1;17;0.7;153;6;8;1277;13;6;0;0;1
728;0;2.3;1;4;0;23;0.8;111;4;5;457;17;10;1;1;0
954;1;0.5;0;0;0;50;0.3;134;2;11;438;17;0;0;0;0
685;0;0.5;1;8;1;13;0.8;82;7;15;3210;15;7;1;1;3
1472;0;2.8;1;1;0;36;0.5;130;6;10;985;12;11;1;0;1
853;1;2.0;0;10;1;3;0.6;200;2;16;3701;15;8;1;0;3
1469;0;2.1;0;0;0;8;0.7;123;7;0;1052;8;1;1;0;0
1310;1;2.3;1;6;0;57;0.9;135;8;9;1175;16;0;0;0;0
1654;0;1.8;0;1;0;11;0.3;146;7;2;1070;8;1;1;1;1
902;1;0.7;0;3;0;3;0.3;134;7;9;3411;12;11;0;1;3
1448;0;1.4;1;13;0;26;1.0;156;3;16;1175;12;9;1;0;1
1631;0;0.9;1;2;1;3;0.1;198;7;12;301;13;5;0;0;0
1608;0;1.8;1;7;0;28;0.4;183;2;13;489;15;11;0;1;0
1991;1;2.7;0;5;1;64;0.9;145;2;13;1733;5;3;1;0;2
1349;0;2.0;1;15;0;62;0.3;114;5;16;2756;11;3;0;0;2
1589;0;2.5;0;5;1;51;0.8;195;1;18;2612;8;2;0;0;2
1844;1;2.3;1;1;0;51;0.7;158;8;3;1724;5;1;1;1;1
712;1;0.5;1;3;1;35;0.2;84;2;10;2190;16;12;1;1;1
972;1;1.7;0;0;1;54;0.7;107;3;4;1900;16;8;0;1;1
1406;0;0.5;1;2;1;34;0.8;98;3;5;3915;9;8;0;1;3
1289;0;0.9;0;10;1;25;1.0;178;6;12;1043;6;2;1;0;0
932;0;1.3;0;1;0;64;0.7;154;7;2;3817;8;7;1;1;3
1747;1;0.9;0;6;1;48;0.7;94;3;19;2362;17;2;1;0;2
1172;1;2.1;1;4;0;41;0.1;95;3;7;1107;7;3;0;0;1
1128;1;1.4;0;12;0;53;0.4;84;5;14;2982;14;9;1;0;3
664;0;1.2;1;0;0;28;0.9;106;5;5;2042;17;15;1;0;1
513;1;0.5;0;6;1;44;0.1;186;4;12;1343;5;1;1;0;0
1742;0;2.3;1;9;1;43;0.4;170;7;12;2610;12;3;0;1;2
1512;1;1.7;0;12;0;6;0.7;162;7;17;2335;15;7;1;1;2
1986;0;0.5;1;3;1;51;0.1;165;8;20;1614;17;12;1;1;1
965;1;1.5;1;5;0;13;1.0;109;2;14;1138;9;8;1;0;0
1067;1;2.4;1;3;1;40;0.6;122;8;15;604;16;14;0;0;0
1583;1;1.6;0;5;1;42;0.8;118;3;10;3652;14;10;0;0;3
1653;0;0.5;1;2;1;37;0.9;176;4;6;3955;19;4;1;1;3
1433;0;1.6;0;7;0;4;0.7;133;8;11;258;11;9;1;1;0
765;0;2.9;0;0;1;18;0.1;153;7;0;1066;11;1;1;0;0
1845;1;0.5;1;10;0;61;0.3;96;1;12;1731;9;5;0;0;1
752;0;0.5;1;1;0;48;0.7;87;7;13;3860;7;5;0;0;3
1948;0;2.8;1;8;0;16;0.1;100;5;10;3630;9;7;1;0;3
1077;0;2.5;1;0;1;45;1.0;174;3;4;1965;6;2;1;0;1
932;1;0.5;0;1;1;60;0.7;104;4;2;1459;6;1;1;0;0
1968;0;0.9;0;0;0;22;0.8;115;3;7;2323;9;8;0;1;2
1122;0;1.2;0;9;0;2;0.6;120;4;14;3291;11;2;1;1;2
1588;0;0.5;0;0;1;61;0.8;159;1;13;3272;18;0;1;0;3
601;0;2.1;0;4;0;26;0.3;101;4;18;918;9;1;0;0;0
1615;0;0.5;0;14;0;15;0.1;132;4;16;3488;16;2;0;1;3
1589;1;2.2;1;2;0;58;0.1;128;4;4;3961;16;14;0;1;3
1417;1;2.7;0;2;1;56;0.9;114;6;4;590;11;3;0;1;0
1697;1;0.7;0;1;1;34;0.1;95;1;3;3701;15;9;1;0;3
1330;1;1.3;1;14;0;3;0.3;83;5;17;463;14;6;0;1;0
1476;0;0.5;0;0;1;43;0.7;148;2;2;3644;15;10;0;1;3
1579;1;1.5;0;0;0;27;0.2;142;6;18;1713;16;4;1;1;1
1277;0;3.0;0;0;1;41;0.3;200;4;3;429;9;4;1;1;0
1089;1;0.9;1;12;1;2;0.7;145;5;15;2765;13;12;0;1;2
1663;1;2.5;1;13;1;27;0.3;169;4;14;2084;7;1;0;0;2
1949;0;1.8;0;0;0;20;0.8;186;5;4;1125;17;10;0;0;1
1138;0;1.1;0;5;1;48;0.6;109;3;14;2048;6;0;1;1;2
685;0;2.7;0;7;0;17;0.3;174;6;20;1223;8;0;0;1;0
1889;0;2.8;0;5;1;31;1.0;132;1;10;3672;5;1;1;1;3
857;1;2.0;1;3;0;17;0.2;195;7;9;3100;17;5;1;0;2
1902;0;2.8;1;6;0;50;0.8;124;8;9;343;11;8;1;0;0
1225;1;2.4;0;0;0;15;0.1;155;5;0;1970;16;8;1;0;1
1066;0;1.6;0;5;0;39;0.6;131;5;17;2728;6;0;1;1;2
1554;1;0.5;1;11;0;5;1.0;124;3;12;3635;7;4;0;0;3
1337;0;0.5;0;13;0;31;0.8;186;2;20;2180;7;4;0;1;1
1926;1;1.7;1;1;1;33;0.4;172;3;2;2488;6;1;0;0;2
869;0;1.3;1;3;0;34;0.1;104;2;4;3864;13;3;0;0;3
1278;1;0.5;1;1;0;54;0.1;104;8;16;1155;7;1;0;1;0
1773;1;2.5;0;16;1;32;0.6;170;6;18;3566;17;6;0;1;3
1661;1;0.8;1;1;1;6;1.0;109;7;2;864;9;8;0;1;1
1438;0;2.2;0;0;1;32;0.6;176;7;6;869;19;13;1;1;0
1661;1;1.4;0;0;0;29;0.3;119;2;0;591;9;2;1;1;0
1846;1;0.6;0;1;0;19;0.7;159;1;2;1333;15;6;1;1;1
1260;1;2.0;1;2;1;23;0.2;123;7;10;2208;12;11;0;1;2
512;1;0.5;1;7;0;15;0.9;83;3;15;2610;18;14;1;1;2
581;0;2.2;0;0;0;59;0.7;185;5;6;2819;19;17;0;1;2
1872;1;2.3;0;6;0;44;0.7;134;3;15;1955;9;4;0;1;2
687;1;1.3;0;9;1;50;0.6;151;4;20;3416;14;6;1;0;3
1062;1;2.5;1;6;0;10;0.9;160;1;13;3803;7;3;0;1;3
1678;1;2.3;1;11;0;7;0.5;192;1;14;574;5;3;0;0;0
1417;1;0.5;0;10;1;45;0.9;166;4;19;2129;13;9;0;1;1
1074;0;2.4;1;2;1;9;0.9;103;6;14;1948;13;1;1;1;1
1832;0;0.7;0;2;0;2;0.6;90;7;6;2978;18;7;0;0;2
1039;0;1.3;0;0;1;12;0.8;200;8;0;1619;7;1;1;1;1
1059;0;2.4;0;8;0;61;0.1;134;3;18;3716;15;13;1;0;3
1606;0;1.4;0;3;0;57;0.1;154;4;4;3454;13;8;0;1;3
1928;1;1.8;0;9;1;19;1.0;187;3;20;3777;7;2;1;1;3
1875;1;0.5;1;11;1;55;0.7;91;1;17;2712;7;2;0;1;3
1128;1;1.1;0;9;1;46;0.9;135;8;10;1434;5;0;0;0;1
1748;0;1.7;1;6;1;14;0.5;146;3;7;3968;16;12;0;1;3
1413;0;0.5;1;5;0;51;0.3;117;5;11;3383;16;5;0;0;3
825;0;0.5;1;0;1;23;0.1;86;2;0;3278;8;6;0;1;3
1589;1;1.4;0;3;1;26;0.1;100;8;16;3970;16;8;0;1;3
535;1;0.5;1;8;1;54;0.5;145;8;15;2674;14;8;0;0;2
1780;1;0.5;0;6;0;27;0.1;190;4;11;2776;19;17;1;1;3
1671;0;0.6;1;7;1;61;0.1;129;2;11;2336;10;4;0;0;2
1821;0;0.9;0;9;1;12;0.3;114;1;18;2430;7;4;1;1;2
1076;1;2.6;0;3;1;38;0.7;119;6;8;891;18;3;1;0;0
532;1;0.8;1;3;0;8;0.1;193;5;10;728;13;5;1;0;0
777;1;2.6;0;3;0;30;0.9;148;5;17;3886;14;10;0;0;3
1217;1;0.5;0;3;0;17;0.5;182;4;13;1711;7;3;0;1;1
1656;1;1.6;1;0;0;16;1.0;117;7;2;2856;14;3;1;1;2
1185;0;1.9;0;0;0;31;0.4;152;8;7;2447;16;2;1;1;2
577;0;2.4;0;8;1;37;0.9;161;6;20;814;11;7;1;1;0
737;1;2.4;1;7;0;49;0.6;193;4;16;2951;7;0;1;0;2
704;0;2.2;1;4;0;53;0.2;186;6;6;3653;7;1;1;1;2
525;1;0.5;1;5;0;51;0.5;137;8;11;1891;18;3;1;0;1
504;1;0.5;1;5;0;16;0.1;166;1;9;701;17;15;0;1;0
793;0;1.2;1;1;1;38;0.6;176;4;7;3139;6;1;1;1;3
569;0;0.6;1;2;0;39;0.1;184;8;9;2811;7;6;0;1;1
1590;0;1.9;1;3;1;21;1.0;160;5;18;1701;11;4;0;1;1
707;0;0.5;0;0;1;16;0.1;194;2;0;1853;17;14;1;1;1
767;0;1.9;0;16;1;19;0.2;185;6;17;2445;6;1;1;1;1
1350;1;0.5;1;0;1;50;0.8;181;8;4;2287;15;1;1;0;1
1117;1;0.6;1;0;0;31;0.2;146;2;7;2003;8;7;1;1;2
641;1;1.1;0;0;1;7;0.9;192;1;3;3595;7;5;1;1;2
1002;0;0.8;1;0;1;35;0.5;83;2;4;1726;16;5;0;1;1
1408;1;2.1;1;10;0;45;0.9;89;5;14;3952;8;6;0;1;3
1900;1;2.0;1;1;0;41;0.5;190;8;6;850;5;1;1;1;1
726;0;2.9;0;0;0;43;0.1;101;8;0;1446;17;2;1;0;0
1544;0;2.3;0;12;1;45;0.1;113;8;20;1300;8;7;1;0;1
1454;1;1.6;0;6;1;21;0.2;160;4;10;719;14;10;1;1;0
1230;1;2.2;1;6;0;26;0.8;123;5;7;988;11;5;1;1;0
1552;0;1.2;0;10;1;53;0.3;180;8;18;2606;13;6;0;0;2
1519;0;2.1;0;0;0;32;0.7;200;1;10;2912;11;10;1;0;2
723;1;1.9;0;4;0;30;0.3;102;1;7;2339;19;9;1;1;2
1191;0;2.4;1;2;0;13;0.9;169;1;7;1028;14;6;1;1;0
1168;0;1.3;0;9;0;61;0.1;90;8;10;3173;9;4;0;1;3
1229;0;0.5;1;15;0;14;0.8;191;2;16;1667;17;6;0;1;1
1758;1;0.5;0;11;1;13;0.6;190;8;14;1897;6;2;0;0;2
1290;0;0.5;0;0;0;3;0.1;143;6;4;1214;9;8;1;1;1
574;0;2.8;1;16;0;38;0.1;90;6;17;3269;8;7;1;0;2
1271;1;0.5;0;12;0;32;0.1;113;7;15;445;15;14;0;1;0
1170;1;1.2;0;4;0;30;0.4;83;8;15;1073;6;4;1;0;0
1269;1;1.3;0;14;0;52;0.8;118;2;15;665;18;5;0;0;1
1288;0;2.8;1;15;0;50;0.1;121;2;20;3129;17;6;0;0;3
1366;1;0.7;1;0;1;34;0.1;150;2;9;3501;13;11;0;0;3
1572;1;0.8;1;7;1;8;0.8;169;5;8;3461;6;3;1;1;3
1627;0;0.9;1;9;1;32;0.1;180;6;16;3206;12;6;1;0;3
1701;1;0.5;0;13;1;46;0.9;115;2;15;3717;11;0;1;0;3
1900;1;0.5;1;0;1;55;0.9;171;1;1;3917;15;5;0;1;3
1974;0;1.0;0;4;0;24;0.3;80;7;13;861;7;4;0;1;0
1197;1;0.5;1;9;0;20;0.1;129;5;10;2885;19;7;1;1;2
587;1;2.3;1;4;0;6;0.7;170;1;16;2777;9;2;1;0;2
934;0;1.1;0;7;0;24;0.8;112;5;12;1017;12;7;0;1;0
1195;0;2.0;1;1;1;23;0.1;82;4;9;980;13;9;0;0;0
1853;1;1.0;0;2;0;23;0.4;92;1;15;2775;14;4;0;0;3
1164;0;1.0;0;4;1;19;0.9;95;8;18;3309;15;3;0;1;3
1512;1;0.5;0;8;1;18;0.1;88;3;17;3607;12;10;1;1;3
1232;0;2.9;1;1;1;24;0.3;169;5;17;1257;16;10;0;0;0
1813;1;0.6;1;0;1;5;0.2;198;3;8;759;9;3;1;0;0
946;1;2.6;1;17;0;5;0.1;166;3;20;3720;15;7;1;0;3
739;1;2.3;1;2;1;58;0.1;88;3;4;475;7;6;0;1;0
704;1;2.7;0;8;1;29;0.2;80;1;10;1122;9;3;1;1;0
1663;1;0.5;0;0;0;40;0.6;147;4;15;1336;8;5;0;0;1
1966;1;1.4;1;2;0;40;0.9;185;8;18;1185;11;2;1;0;2
1219;0;1.0;1;0;0;17;0.7;196;5;4;705;11;3;1;1;0
612;1;0.7;0;6;0;35;0.6;181;5;12;3169;14;9;0;0;2
1658;1;1.4;0;0;1;39;0.7;182;1;5;3483;10;1;0;1;3
1263;0;0.5;0;12;0;64;0.3;175;5;18;1183;14;3;0;1;1
1395;1;2.8;0;0;1;55;0.6;118;3;1;3373;11;2;1;0;3
621;1;2.7;1;0;0;54;0.1;151;4;20;2801;6;1;1;1;2
652;0;0.5;1;1;0;58;0.6;142;3;2;565;18;12;0;1;0
1175;0;0.6;0;10;0;25;0.1;145;2;12;3153;9;4;0;0;2
561;1;1.0;0;0;0;11;0.1;163;8;10;3421;16;2;1;1;2
1137;0;2.2;0;6;1;3;0.9;173;5;7;316;15;14;0;0;0
1835;1;2.3;0;4;1;11;0.1;193;7;13;448;18;17;0;0;0
1170;0;2.9;1;2;0;40;0.4;169;6;5;2366;16;8;1;1;1
1595;1;0.8;1;0;1;44;0.7;85;4;20;3881;14;10;0;1;3
1719;1;2.0;0;0;0;12;0.3;122;8;7;462;6;3;0;0;0
1770;0;2.3;1;0;0;7;0.8;128;7;6;1480;6;1;0;0;1
1312;0;0.5;1;0;1;28;0.8;163;2;0;1087;17;16;0;0;1
1878;0;1.5;1;5;1;56;0.3;139;5;13;2711;8;2;1;1;2
1871;1;2.0;0;7;1;20;0.1;81;7;14;2144;13;12;1;1;2
922;0;1.5;1;1;1;35;0.9;188;7;15;1165;19;6;1;1;0
1975;1;1.5;0;6;1;16;0.9;128;8;11;2998;5;4;1;0;2
1212;0;2.6;0;1;1;46;0.3;102;4;8;2249;14;3;1;1;2
1430;1;0.9;0;3;0;56;0.1;179;3;5;752;17;8;0;1;0
1958;1;1.9;1;0;0;4;0.2;190;2;3;1409;16;5;0;0;1
1836;1;2.1;1;0;1;30;0.2;184;7;15;3072;7;3;1;0;3
557;1;1.6;0;0;0;24;0.5;125;3;0;1305;12;8;0;1;0
539;1;0.6;1;9;0;21;0.1;145;7;14;3597;14;5;0;0;2
880;0;0.5;1;1;0;44;0.5;172;8;15;3132;8;7;1;1;2
1369;1;1.8;1;6;0;34;0.5;162;1;7;3856;18;4;1;1;3
1109;1;2.7;1;1;0;39;0.4;98;1;9;1524;15;10;1;1;1
843;0;1.8;1;0;0;16;0.1;166;5;6;3673;12;1;0;1;3
598;0;2.3;1;7;0;21;0.7;196;2;10;3293;8;4;0;1;2
972;1;2.7;1;1;0;5;1.0;126;4;2;3035;12;7;0;1;2
1944;1;0.5;0;5;1;36;0.1;197;6;18;584;17;14;1;0;1
1225;0;0.7;1;0;1;2;0.6;138;7;1;2675;12;11;1;0;2
644;1;1.3;1;7;1;30;0.5;114;1;16;2382;9;0;0;1;2
1919;0;1.5;0;5;1;48;0.8;150;4;6;1391;19;13;0;1;1
501;0;2.3;0;12;1;54;0.3;131;4;19;2346;13;12;0;1;1
1620;1;2.2;1;0;1;30;0.2;185;3;3;606;6;0;0;0;0
1227;1;1.1;1;0;0;34;0.2;130;3;3;1324;7;3;1;1;1
1359;1;0.5;1;1;1;58;0.5;107;6;3;1076;16;8;1;1;0
1914;0;0.7;0;1;0;35;0.6;118;8;2;643;17;1;0;1;1
1645;1;1.8;0;1;0;21;0.7;123;7;2;783;10;8;0;0;0
1063;1;1.1;0;0;1;26;0.8;101;5;2;3809;17;16;0;1;3
946;0;2.1;0;0;1;19;0.2;154;8;0;2104;7;4;1;0;1
1231;0;1.2;1;5;0;54;0.8;185;3;10;1762;5;3;1;0;1
1397;0;2.9;1;13;0;9;0.5;87;6;18;3137;12;1;1;1;3
701;1;0.7;0;7;0;15;0.5;160;3;11;1756;6;3;1;1;1
570;1;0.5;1;2;0;9;0.3;111;7;5;3663;14;10;0;0;3
1993;1;0.5;0;10;1;27;0.3;147;8;11;2437;14;0;0;0;2
955;0;0.5;1;4;0;43;0.9;143;5;8;1432;12;9;1;1;1
924;0;0.5;1;0;1;47;0.3;167;8;6;1620;17;15;0;0;1
600;0;0.5;0;0;0;14;0.8;112;5;2;1655;18;0;0;0;0
518;0;0.8;1;0;0;3;0.1;178;7;1;2832;5;0;0;1;2
1063;1;2.5;0;0;1;31;0.9;95;6;10;961;16;6;1;0;0
920;1;0.5;0;2;0;46;0.8;149;3;3;2608;6;0;0;1;2
1715;0;1.9;0;4;1;3;0.1;171;5;6;514;7;4;0;0;0
1841;1;1.3;1;6;0;14;0.6;167;8;8;2304;7;1;0;1;2
543;1;0.5;1;4;1;60;0.7;132;5;7;933;14;0;1;0;0
1762;1;2.7;1;13;1;25;0.9;189;1;14;1896;14;10;1;1;1
1112;1;0.5;1;1;0;53;0.6;121;4;16;3655;7;3;1;0;3
709;1;2.0;1;0;0;35;0.1;136;1;0;1973;12;9;1;1;1
1315;1;2.6;0;7;0;64;0.8;128;7;16;3278;6;3;0;0;2
1762;1;2.5;0;10;1;15;0.3;107;8;11;2183;8;3;1;0;2
1462;1;1.7;1;1;0;25;0.2;182;7;18;824;15;5;0;1;0
571;0;1.6;1;8;0;35;0.2;186;7;20;2598;13;5;1;0;1
666;1;0.5;1;7;1;54;0.4;81;3;13;1254;15;9;1;1;0
1994;0;1.5;1;2;1;7;0.5;146;8;7;3622;7;0;0;1;3
1583;1;2.1;1;11;0;14;0.7;148;7;16;1704;17;13;0;1;2
1778;0;1.4;1;3;1;45;1.0;132;4;17;1624;15;13;1;0;1
1926;1;1.1;0;13;1;50;0.2;179;6;17;3809;17;12;1;0;3
966;1;0.6;0;9;1;50;0.2;117;4;10;2574;10;1;0;1;2
568;0;2.0;0;1;0;36;0.3;179;3;4;950;17;9;0;0;0
1897;0;3.0;0;1;1;21;0.5;192;8;2;273;17;6;1;1;0
1695;0;0.5;1;6;1;46;0.7;200;3;9;446;16;13;1;1;1
1623;1;1.2;0;6;1;61;0.9;120;7;12;1510;12;10;1;0;2
914;1;0.5;0;0;1;26;0.7;147;4;0;1122;12;9;1;1;0
1721;1;0.5;1;4;1;33;0.5;128;4;5;707;19;2;1;1;0
890;1;2.2;1;4;0;44;0.5;198;8;13;751;7;3;0;0;0
600;0;0.5;0;1;0;48;0.8;191;3;7;3393;12;7;0;0;2
1677;0;1.8;1;4;0;11;0.7;124;6;8;3771;15;6;0;0;3
723;0;0.5;0;0;1;3;0.2;168;4;3;1851;15;3;0;0;1
638;0;1.7;1;11;0;27;0.5;102;4;17;2735;7;2;1;0;2
852;0;1.0;1;4;1;62;0.7;104;7;13;2253;17;4;1;0;1
1979;1;1.6;1;0;0;32;0.2;165;7;1;452;13;6;1;0;0
710;1;0.5;0;6;0;32;0.8;151;5;9;1419;12;11;1;0;0
1034;0;2.6;1;2;1;45;0.3;190;3;4;969;15;1;0;0;0
600;0;2.5;1;8;1;22;0.1;145;1;11;3441;19;1;0;0;2
1027;0;0.5;0;2;1;64;0.9;103;2;7;3786;17;12;0;0;3
1260;0;0.6;0;5;1;13;1.0;106;6;6;2710;13;1;1;0;2
1793;0;1.8;1;10;0;12;0.5;169;6;17;3533;16;14;1;1;3
675;0;2.3;0;10;0;60;0.9;144;5;15;1735;7;0;0;1;0
658;1;2.7;0;0;1;12;0.9;103;7;3;3587;14;11;0;0;3
1694;1;0.6;0;0;1;34;0.3;102;7;7;2298;17;5;1;0;2
804;1;0.8;1;12;1;41;0.9;89;1;13;2027;11;5;0;0;1
1713;0;2.5;1;1;0;27;0.9;127;7;3;2406;13;10;0;1;2
706;0;0.5;0;13;1;31;0.1;108;3;19;2419;8;7;0;1;1
1362;0;0.5;0;3;0;25;0.8;131;7;9;995;7;6;1;1;0
1527;0;2.7;0;10;1;60;0.1;154;5;14;2078;5;3;1;1;2
768;0;0.5;1;0;0;19;0.9;159;2;1;1145;19;1;0;1;0
1314;0;2.9;1;8;1;41;0.1;155;4;12;626;10;4;1;1;0
705;1;0.5;0;5;1;57;0.9;155;6;9;1509;15;11;1;1;1
1403;0;2.7;0;2;1;26;0.1;164;5;3;3371;13;9;0;1;3
1486;0;2.6;0;7;0;52;0.1;85;4;15;297;13;1;1;0;0
781;0;1.1;0;2;0;38;0.4;198;5;7;3508;13;8;0;1;3
986;1;1.5;0;1;1;23;0.8;183;8;3;2385;16;9;0;0;1
1310;0;1.4;0;0;0;33;0.4;105;1;14;1301;13;12;0;1;1
560;1;2.0;1;6;1;57;0.3;81;3;12;2167;11;10;0;1;1
1348;0;1.3;0;0;0;43;0.4;116;5;6;3914;10;3;0;1;3
1567;0;0.5;1;3;0;22;0.5;119;6;6;2312;9;1;0;0;2
1940;1;0.9;1;4;0;17;0.7;93;5;7;2297;14;6;1;0;2
1979;1;2.9;1;0;1;19;1.0;176;3;9;411;8;2;1;1;0
561;1;2.1;1;7;1;2;0.1;193;3;13;665;10;0;1;0;0
1717;1;1.3;0;1;0;62;0.7;130;1;3;3226;6;4;1;0;3
535;0;1.5;0;1;1;48;0.7;113;1;4;740;11;10;1;0;0
1413;0;0.5;1;4;1;39;0.1;185;5;12;3878;19;16;0;0;3
1358;0;2.5;1;0;0;20;0.6;135;7;0;3406;5;1;0;1;3
1519;0;2.9;0;2;0;30;0.7;112;7;8;2440;9;5;1;1;2
1254;0;1.2;1;2;0;50;0.7;108;5;6;3959;10;4;1;0;3
1591;1;2.2;0;3;1;49;0.4;154;6;7;3703;17;6;1;0;3
977;1;2.8;1;2;0;35;0.6;165;2;15;3714;19;3;1;1;3
1640;1;0.7;0;10;1;21;0.8;169;7;14;337;16;3;1;0;0
663;0;0.8;1;0;0;25;0.6;183;2;1;3176;6;2;0;1;2
1744;1;1.0;0;1;1;20;0.5;112;8;3;1205;18;7;0;0;1
1624;0;1.6;1;8;0;28;0.4;150;2;10;2473;16;11;0;0;2
1108;1;1.3;1;14;1;2;0.3;169;7;20;1229;5;3;1;0;0
1188;1;1.4;1;0;1;9;0.6;114;2;0;2896;12;11;0;1;3
817;0;1.3;0;0;0;11;0.5;144;3;11;2039;11;6;1;0;1
863;0;1.6;1;5;1;6;0.7;133;4;13;520;10;2;0;1;0
1397;0;2.4;1;5;1;3;0.2;121;3;15;1378;18;15;1;1;1
1108;0;1.0;0;3;0;49;0.7;140;5;12;3254;12;0;0;0;3
1068;0;2.0;1;1;1;37;0.9;184;7;13;1803;5;4;0;0;1
1702;1;2.3;0;12;1;52;0.5;145;2;15;2501;16;12;0;0;3
808;0;0.5;1;0;0;8;0.1;192;4;1;3762;15;9;0;1;3
1156;0;0.5;0;6;0;61;0.1;89;7;9;1796;16;6;1;1;1
1271;0;0.5;1;2;0;54;0.1;159;8;3;990;14;11;1;1;0
696;0;0.5;0;6;0;51;0.3;197;3;8;2630;18;8;0;1;1
1981;1;1.9;1;13;0;45;0.3;175;6;18;1380;10;1;1;0;1
614;0;1.7;1;0;1;58;0.2;128;7;2;3487;15;6;1;1;2
1590;0;0.6;1;0;0;7;0.3;122;3;17;1201;12;3;1;1;1
1945;0;1.6;0;4;0;21;0.7;113;3;10;3015;6;1;0;0;3
1135;1;2.8;1;9;0;43;0.4;158;1;11;3204;18;13;0;0;3
1049;0;0.6;1;8;1;2;0.3;172;6;10;433;10;7;0;0;0
1807;1;2.1;0;2;0;49;0.8;125;1;10;1906;17;13;1;1;2
984;1;0.5;0;13;1;42;0.8;98;7;17;898;16;8;1;0;0
720;1;1.4;1;0;1;61;0.6;96;7;8;2799;5;3;0;1;3
1536;0;0.8;0;12;0;13;0.3;105;7;20;2020;6;0;1;0;2
771;1;0.5;0;3;0;25;1.0;86;4;6;770;12;1;1;0;0
503;0;2.5;0;3;0;57;0.6;185;6;11;305;11;8;0;1;0
675;0;2.4;0;1;0;42;0.6;187;7;2;2953;9;5;1;0;2
1936;1;1.9;1;13;1;34;0.2;182;7;14;1671;6;1;0;1;1
1303;0;1.0;1;0;1;15;0.1;138;3;10;2574;12;4;1;1;2
1004;1;2.9;1;0;0;35;0.2;141;6;9;3772;17;8;1;1;3
1972;0;1.2;1;0;0;37;0.7;102;2;1;2870;16;0;0;0;3
1822;0;1.2;0;0;0;8;0.2;195;6;0;2577;9;5;1;0;2
1159;1;2.8;0;5;1;18;0.5;83;1;7;2246;8;1;1;0;1
1782;1;2.8;1;6;1;58;0.8;157;1;13;2405;15;0;0;1;2
894;0;2.1;1;16;0;16;0.7;168;8;20;3377;5;1;1;1;2
1884;0;2.1;1;7;1;43;0.8;185;1;18;3619;14;8;1;1;3
1648;1;0.5;0;1;1;17;0.9;142;2;3;1184;6;2;0;1;1
798;0;2.4;0;5;0;4;0.2;96;3;9;2965;15;7;1;0;2
802;1;2.4;1;1;0;45;0.8;157;3;9;3713;8;3;0;0;3
1276;1;2.9;1;2;0;53;0.3;130;2;3;3798;19;10;1;1;3
1331;1;1.6;0;0;0;16;0.5;165;2;7;1026;13;5;0;1;1
1620;0;2.6;1;6;0;5;0.9;186;6;18;1086;18;14;0;0;1
1996;0;2.5;0;5;1;51;0.4;122;4;9;2236;8;7;0;1;2
1092;0;2.7;1;8;0;45;0.8;185;1;10;1303;12;3;1;1;1
1018;1;0.7;1;7;0;63;0.1;155;5;18;3048;10;3;0;1;2
545;0;0.5;0;0;1;11;0.3;131;3;1;616;15;6;1;1;0
554;1;1.3;0;0;0;12;0.1;105;6;10;3764;10;7;1;1;2
1264;0;2.9;1;2;1;34;0.2;171;3;3;419;7;4;1;1;0
1030;0;1.6;1;3;1;58;0.2;138;6;20;2858;6;2;1;1;3
1432;1;1.7;1;6;1;39;0.3;164;4;18;504;14;4;1;0;0
558;1;2.8;0;1;1;49;0.8;142;5;4;392;10;5;1;1;0
829;0;0.5;0;0;0;56;0.6;129;7;1;820;12;6;0;1;0
1741;1;1.8;0;0;0;14;0.7;143;8;0;3387;11;3;0;0;3
1849;1;2.3;0;7;1;15;0.4;144;5;19;3447;14;11;0;1;3
733;0;2.1;0;5;1;7;0.2;174;7;10;1403;15;8;1;0;0
1872;1;0.9;1;0;0;16;0.5;80;2;2;2295;15;11;0;1;2
1853;0;0.5;1;1;0;27;0.3;197;6;13;1973;10;2;0;1;2
1149;1;2.2;0;4;0;30;0.2;106;6;5;3755;17;14;0;0;3
891;0;0.5;1;9;1;25;0.3;196;2;19;2073;7;1;0;1;1
1911;1;2.0;0;7;1;64;0.6;163;8;8;3872;9;8;1;0;3
550;1;0.5;0;16;1;23;0.1;145;2;17;302;18;5;0;0;0
576;0;0.8;0;0;1;27;0.1;121;2;4;1519;18;6;0;1;1
1760;0;1.9;0;1;1;50;0.8;198;1;2;2549;10;8;1;0;2
969;0;2.4;0;0;0;45;0.3;124;7;0;404;18;5;0;1;0
1160;0;1.1;0;1;1;63;0.7;166;3;2;595;18;4;0;1;0
827;0;1.1;1;2;1;18;0.9;160;2;16;1663;14;0;1;1;0
1786;0;0.5;0;9;1;58;0.7;161;7;10;2764;9;3;1;1;3
774;1;0.6;1;2;1;8;0.4;136;1;4;2614;7;0;1;1;2
819;1;2.5;1;0;1;11;0.2;83;8;1;1094;10;5;0;0;0
1042;0;2.2;0;15;1;11;0.6;139;5;16;2826;18;0;0;0;2
1368;0;3.0;1;10;0;50;0.2;97;7;18;2496;13;6;1;1;2
1592;0;2.1;0;6;1;50;0.1;181;2;17;2103;19;8;0;0;1
1067;0;1.8;1;11;0;14;0.2;146;1;15;966;5;0;0;1;0
1892;1;0.7;0;5;0;47;0.4;110;4;10;2172;17;14;1;1;2
915;0;1.1;0;6;0;56;0.6;187;8;17;905;19;10;1;0;0
774;1;2.8;0;7;1;55;0.9;124;3;18;3916;8;1;1;0;3
1848;1;1.4;1;2;1;42;0.7;179;2;10;3902;11;9;0;1;3
1501;0;1.1;0;12;1;2;0.2;187;1;15;2487;13;12;1;1;2
1614;0;1.9;0;8;1;55;0.3;188;3;17;3914;17;13;0;0;3
911;1;2.9;0;0;0;46;0.1;181;5;1;363;9;5;1;0;0
1520;0;0.5;0;1;1;24;0.7;199;5;8;3233;13;3;0;1;3
1647;0;1.4;1;3;1;38;0.3;102;6;15;2532;16;14;0;1;2
1347;0;0.9;1;8;1;53;0.8;108;6;15;3836;15;3;0;1;3
967;1;1.6;0;4;0;25;0.6;92;8;9;3076;7;4;1;1;2
1442;0;2.2;0;0;1;56;0.7;145;5;3;1513;11;8;1;0;2
1204;1;2.6;0;0;0;10;0.3;199;7;3;1724;11;2;0;0;1
1320;0;2.1;1;0;1;41;0.6;144;7;2;542;11;1;1;0;0
1800;1;0.7;0;2;1;8;0.4;100;7;6;3481;10;8;0;1;3
1567;0;2.1;1;3;0;22;0.8;153;3;19;3991;15;2;0;0;3
1439;0;0.9;0;12;1;20;0.8;147;1;17;1790;19;12;0;1;1
1422;0;1.0;0;15;0;3;0.1;112;1;17;509;19;1;1;1;0
1591;1;2.2;1;4;1;52;1.0;161;3;16;282;10;9;1;1;0
880;0;1.7;0;2;0;6;0.6;198;4;19;3006;6;4;0;0;2
1929;1;0.5;1;0;1;19;1.0;163;6;2;1913;12;7;1;0;1
1642;1;1.6;1;0;0;5;0.4;102;5;2;1333;18;0;0;1;2
1511;0;2.5;1;3;0;21;0.2;114;3;18;3746;10;0;0;0;3
1312;0;1.3;0;5;1;10;0.6;163;2;9;3941;6;2;1;1;3
1852;0;1.4;0;4;1;10;0.7;196;1;18;3970;13;1;0;1;3
972;1;1.3;0;8;0;44;0.7;82;7;10;3925;7;6;1;0;3
691;1;2.7;1;4;1;33;0.9;108;4;8;424;5;3;1;1;0
807;0;0.5;0;9;0;8;0.3;158;5;20;1284;17;13;1;1;0
1113;0;0.6;1;0;0;25;0.3;145;1;10;277;11;2;0;1;0
721;1;1.3;1;10;0;16;0.9;125;1;18;1713;10;3;1;1;1
1188;1;1.5;1;0;0;54;0.3;198;6;2;485;12;7;1;0;0
1512;1;0.5;0;1;0;52;0.1;131;1;14;3002;6;5;0;1;2
805;1;0.7;0;0;0;64;0.1;97;4;14;418;11;6;1;1;0
918;0;0.9;1;1;0;8;0.1;123;7;5;1652;17;4;1;0;1
1320;0;0.5;1;7;0;48;0.2;168;5;16;2893;8;5;0;1;2
1236;0;0.9;1;2;1;57;0.1;188;1;14;1406;14;12;0;1;0
1387;0;0.5;0;0;1;61;0.5;98;3;0;629;5;3;1;0;0
1883;1;2.7;1;6;1;30;0.5;95;2;10;3724;16;15;1;1;3
839;0;2.0;1;0;0;14;0.4;175;7;3;3835;15;8;0;0;3
1593;1;1.0;0;0;1;52;0.7;130;8;0;1354;15;13;1;1;1
1722;1;1.0;0;7;0;25;0.8;88;6;19;2376;5;1;0;1;3
1954;0;0.6;1;8;0;7;0.9;126;3;9;3438;17;12;0;0;3
1788;1;0.5;1;15;1;2;0.3;150;6;20;2655;12;2;0;1;2
1628;0;0.5;0;5;1;33;0.9;101;6;8;3361;16;10;0;0;3
1965;0;0.5;0;6;1;4;1.0;84;7;9;3535;17;0;1;1;3
833;1;2.2;0;4;0;27;0.9;124;1;6;2150;9;5;1;1;1
571;0;0.6;0;1;1;43;0.5;141;3;8;2587;7;5;0;0;1
1808;1;0.5;1;1;0;31;0.5;92;2;16;2736;9;1;0;1;3
1860;0;0.5;1;2;1;55;0.7;83;6;3;676;15;0;0;1;0
1368;1;1.6;1;4;0;9;0.1;115;7;7;2941;13;12;1;0;3
1161;0;1.3;1;0;1;21;0.6;126;8;12;3336;6;4;0;1;3
1224;1;1.6;0;9;0;33;1.0;157;1;18;3796;10;5;1;0;3
902;1;0.6;1;0;0;63;0.7;122;5;14;3654;18;8;1;1;3
787;1;0.5;0;15;0;11;0.6;93;1;16;2934;8;6;0;1;2
854;0;0.5;0;2;0;30;0.5;125;8;5;2889;5;2;0;1;2
1184;0;1.5;1;1;1;48;0.6;191;1;6;3315;17;7;1;1;3
1973;0;1.6;1;5;1;39;0.8;152;4;6;1993;9;0;0;0;2
510;0;1.7;1;3;0;35;0.8;120;3;6;2509;17;2;1;1;1
966;0;2.0;0;8;1;34;0.5;118;2;10;3534;18;17;1;1;3
1438;1;1.8;0;3;0;16;0.6;169;8;7;2246;14;11;0;0;2
1986;0;0.5;0;7;0;51;0.4;95;3;9;3165;5;0;0;0;3
1907;0;2.0;0;13;0;55;0.9;105;7;15;286;14;4;0;1;0
1489;0;2.4;1;8;0;32;0.6;200;1;16;776;7;6;0;0;0
1843;1;1.8;1;13;1;16;0.7;134;6;18;3213;15;14;1;0;3
825;1;1.5;0;11;0;38;0.4;94;3;18;716;11;4;1;0;0
1286;1;2.3;0;10;1;16;0.1;98;2;18;424;10;5;1;0;0
840;0;0.6;0;0;1;63;0.8;137;7;19;3486;12;8;1;0;3
757;0;2.3;1;5;1;58;0.2;163;4;7;3237;19;12;0;1;2
814;1;1.1;1;2;0;41;0.8;177;2;10;1944;16;6;0;0;1
1195;1;1.1;1;2;1;8;0.9;80;6;6;643;14;2;0;0;0
767;0;0.8;0;7;1;10;0.5;107;4;12;2317;6;0;1;1;2
1068;0;1.3;0;6;1;52;0.1;97;8;7;1436;16;1;0;0;1
994;1;2.8;1;0;0;56;0.5;173;3;3;3190;5;2;1;1;2
1550;1;2.5;0;6;0;21;0.8;133;2;11;2338;16;1;1;0;2
1878;1;0.5;0;9;0;29;0.6;85;8;19;1334;18;7;0;0;1
623;0;2.0;0;2;0;6;0.1;127;3;4;3657;17;3;1;0;2
1829;1;0.5;0;0;1;15;0.4;160;5;7;2080;16;11;0;1;2
525;0;2.4;1;11;0;35;0.8;190;7;20;1609;16;11;0;0;0
1065;1;0.5;0;0;1;14;0.7;89;2;2;3078;10;1;0;1;2
1425;0;1.2;0;9;1;35;0.7;127;8;14;590;13;2;1;1;0
1296;0;1.4;1;3;0;11;0.2;129;7;4;2552;19;8;1;1;2
642;0;2.8;0;3;0;34;0.8;197;2;15;3355;12;5;0;0;2
1664;1;2.9;1;9;1;15;0.5;177;7;19;1968;12;7;0;0;2
1498;1;0.7;0;3;1;8;0.1;170;7;4;3358;7;3;0;0;3
981;1;1.9;1;0;0;2;0.1;136;3;7;1539;19;12;0;0;0
1236;1;2.8;0;6;1;32;0.3;143;4;18;942;16;12;1;1;0
1673;0;2.8;1;7;0;9;0.1;187;3;10;3669;9;1;0;1;3
712;1;1.6;0;6;1;9;0.8;172;2;14;3612;13;5;0;0;3
569;1;0.5;1;10;1;4;0.8;170;3;19;2351;8;7;1;0;1
603;1;0.7;1;0;1;64;0.2;156;6;0;604;10;4;1;1;0
1332;0;0.8;1;2;0;11;0.5;187;2;4;1285;5;0;1;0;1
1413;0;0.6;0;0;1;13;0.1;128;1;0;515;5;0;1;0;0
1064;0;2.9;1;1;1;34;0.2;184;6;13;654;16;13;0;0;0
1444;0;0.6;0;2;0;48;0.5;82;5;17;2540;17;2;1;1;3
1366;1;1.7;1;5;1;53;0.2;161;5;9;3869;17;5;0;1;3
906;0;2.1;1;7;0;18;0.1;136;2;11;3412;13;8;0;0;3
1554;0;2.7;1;3;1;47;0.7;185;5;12;509;12;3;0;0;0
1187;0;2.3;0;0;1;21;0.2;122;6;6;2547;10;3;1;0;2
1156;1;2.7;1;1;1;30;0.9;173;3;16;2735;16;15;0;1;2
1918;0;2.8;0;1;0;22;0.3;139;1;5;1369;9;6;1;1;1
841;1;0.5;1;8;0;39;0.1;199;6;13;2942;11;5;1;1;2
730;1;1.3;1;6;0;6;0.9;167;7;10;2812;10;1;0;0;2
878;1;1.3;0;13;1;31;0.5;153;4;18;3497;9;7;1;0;2
1059;0;0.5;1;0;0;50;0.7;182;8;1;619;5;3;1;1;0
1578;0;2.9;0;8;0;3;0.9;200;1;20;3483;17;4;0;0;3
1829;0;1.7;0;0;0;36;0.8;112;5;1;1475;11;4;0;0;1
1132;0;1.0;0;0;0;8;0.1;157;1;4;1950;11;2;1;1;1
1652;0;0.6;1;4;1;40;1.0;198;7;6;3592;7;6;0;0;3
912;0;0.5;1;0;0;58;0.3;107;5;1;3573;17;3;1;0;3
1181;0;2.3;0;12;1;61;0.6;116;2;16;2020;6;0;1;0;1
1497;1;0.7;0;5;0;32;0.7;92;3;9;1329;6;1;1;0;2
1790;1;2.3;1;3;1;49;0.5;100;3;11;3568;6;2;0;1;3
1742;1;1.6;0;3;0;49;0.8;100;1;9;1947;5;4;0;1;2
1549;1;0.5;0;4;0;8;0.4;158;5;7;1998;12;7;1;0;2
1372;1;2.7;0;7;0;34;0.4;193;4;17;725;11;3;0;0;0
1112;0;0.5;0;0;1;12;0.9;190;4;6;3302;11;0;1;1;3
1005;0;0.5;0;0;0;46;0.4;133;8;17;3884;17;0;1;1;3
783;1;1.7;1;9;1;27;0.3;150;6;11;1185;15;4;1;1;0
1698;0;2.5;0;10;1;26;0.4;105;2;18;1656;5;3;0;1;2
899;1;2.7;0;3;1;53;0.3;192;4;11;2870;19;16;0;1;2
1062;0;1.5;0;3;0;45;0.2;151;3;4;911;14;2;0;0;0
989;1;2.0;0;4;0;17;0.2;166;3;19;3892;18;7;1;0;3
1983;1;1.2;1;6;1;27;0.6;125;1;11;3897;12;10;1;1;3
1800;1;3.0;0;5;0;53;0.3;87;1;12;656;14;10;0;1;0
1254;0;1.7;0;0;1;45;0.4;146;3;3;606;7;2;1;1;1
868;0;1.7;0;0;0;30;0.8;83;4;0;1653;11;7;0;0;1
1205;0;0.5;1;3;0;12;0.6;175;4;6;860;14;1;0;1;0
1284;1;2.8;1;0;0;10;0.9;155;2;14;2197;16;2;1;1;1
626;0;0.7;1;2;1;23;0.5;187;2;9;3458;7;5;0;1;2
1763;0;2.9;1;1;1;53;0.2;101;4;20;2066;12;9;1;1;1
694;1;1.8;1;15;0;36;0.4;193;4;20;3676;12;8;0;1;3
1265;0;0.6;1;4;1;49;0.5;90;1;5;1518;16;11;0;1;1
816;1;0.5;0;4;0;14;0.9;198;3;13;1018;17;10;0;0;0
904;0;1.8;0;3;1;35;0.4;168;3;4;1360;15;12;0;0;0
979;0;0.5;1;0;1;5;0.5;164;7;2;3449;5;2;0;0;3
1531;0;2.0;0;0;1;60;0.4;162;6;1;2524;13;11;0;0;2
934;0;2.0;1;2;0;30;0.7;182;8;15;703;10;8;0;1;0
1624;1;2.6;1;0;0;58;1.0;200;3;11;1251;13;4;1;1;1
874;0;1.3;0;5;0;8;0.5;185;1;20;582;6;4;0;0;0
1027;1;2.2;0;0;0;63;0.8;102;5;4;1732;8;5;1;1;1
1966;0;0.8;1;15;1;48;0.2;144;1;16;1252;6;4;1;1;2
1048;1;1.5;0;2;1;29;1.0;182;1;4;2146;11;10;0;0;1
1496;1;1.9;1;13;0;38;0.1;126;4;14;1927;17;4;0;1;1
959;1;1.7;0;15;0;13;0.4;155;4;16;3328;10;9;1;1;2
1349;1;2.2;1;5;0;55;0.1;105;7;7;2462;15;7;0;1;2
1689;1;2.4;1;0;1;13;0.9;168;2;9;1172;12;11;1;1;0
1558;1;2.4;0;0;1;27;0.1;146;1;1;3598;9;2;0;1;3
582;0;0.5;1;3;0;27;0.2;168;3;10;2437;19;2;1;1;2
1485;0;2.8;0;3;1;44;0.1;138;4;14;3271;14;12;1;0;3
1991;1;1.8;0;11;0;9;0.7;94;3;12;1511;17;8;0;0;1
553;0;0.5;1;2;1;23;0.5;119;3;3;2981;7;3;0;0;2
1231;0;0.7;1;2;0;7;0.9;113;1;7;3119;9;4;1;0;3
805;0;0.8;0;1;0;34;0.6;88;6;2;3647;18;11;0;1;3
764;1;1.2;1;1;0;13;1.0;152;8;2;3148;18;7;1;0;2
894;0;0.9;0;5;1;54;0.2;130;3;15;2829;11;5;0;1;2
1589;0;2.6;0;9;0;46;0.4;84;3;16;2373;11;9;1;0;2
1456;0;1.6;1;9;1;39;0.1;80;8;10;3998;6;3;1;0;3
743;0;0.5;1;0;1;33;0.3;95;2;1;316;19;10;0;0;0
1061;1;2.1;0;3;1;52;0.1;109;7;4;999;16;12;1;0;0
1428;1;1.6;0;0;0;7;0.1;153;4;2;1808;12;8;1;0;1
674;1;2.8;1;0;1;8;0.2;93;3;0;589;18;6;1;0;0
832;0;1.1;0;0;1;46;0.3;93;6;0;3317;8;0;1;0;3
1625;1;0.5;1;2;1;50;0.1;107;8;17;670;16;3;0;0;0
907;0;1.4;1;3;0;42;0.2;151;1;16;584;11;9;0;0;0
1631;0;0.5;0;2;1;13;0.5;166;2;16;2173;12;3;1;0;2
1584;1;1.3;0;6;0;41;0.6;135;4;15;1561;10;5;0;1;1
1382;1;0.5;0;7;1;13;0.3;199;2;18;2073;16;7;0;1;1
633;1;1.4;0;0;1;46;0.7;102;6;10;1401;19;14;1;0;1
1444;1;2.1;0;9;0;38;0.4;104;7;16;3764;14;9;0;0;3
852;1;1.6;1;6;1;54;0.4;147;5;7;1275;13;7;0;1;0
922;1;0.7;0;0;1;47;1.0;157;8;14;1464;17;4;0;1;1
1745;0;1.5;1;4;1;57;0.1;159;3;16;2885;13;11;1;1;3
862;0;2.3;0;9;1;6;0.1;107;8;14;3458;9;4;1;1;3
1754;1;2.1;1;1;1;52;1.0;101;4;3;3019;11;6;0;1;3
1008;0;2.5;0;3;0;36;1.0;109;1;14;1083;6;4;0;0;1
1569;0;0.5;1;3;0;33;0.2;147;1;13;3538;18;1;0;1;3
1596;0;2.9;1;7;0;7;0.7;149;2;9;2493;14;12;1;1;2
1807;1;0.5;1;2;1;61;0.1;134;6;6;3726;8;5;0;0;3
1660;0;2.8;1;4;0;7;0.8;184;1;6;1531;12;0;0;0;1
1861;1;0.9;0;4;1;55;0.5;148;7;8;601;7;5;0;0;1
648;0;1.9;1;4;0;8;1.0;91;5;19;2991;8;7;0;1;2
1379;0;0.5;1;1;0;19;0.3;134;8;17;3912;11;2;1;1;3
1910;1;1.7;0;0;0;34;0.6;115;2;0;309;8;4;0;1;0
1807;0;2.0;1;0;1;13;0.5;155;8;0;323;9;3;1;1;0
1923;0;0.5;1;7;0;46;0.5;191;1;10;1489;10;9;1;1;1
1345;1;3.0;0;7;1;38;0.1;162;3;11;1322;9;2;0;0;1
904;0;1.6;1;5;1;14;0.2;102;8;9;1846;7;0;0;1;1
1239;0;1.2;1;5;1;52;0.9;122;2;10;417;8;0;0;1;0
1330;0;0.9;0;6;1;52;0.8;84;4;12;3269;19;6;1;0;3
516;1;0.7;1;1;0;30;0.9;138;1;12;3731;17;13;0;0;2
672;1;0.5;1;0;0;54;0.9;95;4;11;667;17;8;0;0;0
892;1;0.5;0;0;1;47;0.4;94;1;18;1241;12;3;0;1;1
1778;0;0.5;0;0;1;23;0.5;101;6;11;3941;19;6;0;0;3
1130;1;2.5;0;4;1;58;0.1;132;5;14;1018;17;1;0;0;0
1359;0;0.6;0;4;0;59;0.3;86;2;6;3142;19;3;1;1;3
1866;1;2.5;1;3;1;47;0.8;89;5;9;1444;7;4;0;0;1
1597;0;2.3;0;11;0;34;0.4;89;1;14;934;16;10;1;0;0
1046;1;2.8;1;0;1;58;0.2;100;8;0;3863;17;12;1;1;3
1035;0;0.6;1;2;1;44;0.5;99;3;3;3506;14;5;1;0;3
1175;1;1.3;0;2;0;19;0.3;164;7;9;1944;9;4;1;0;1
1261;1;0.5;1;0;1;11;0.2;90;4;0;348;14;9;0;1;0
1068;0;0.7;1;9;0;51;0.5;124;4;15;550;12;8;1;0;0
1713;0;3.0;1;5;1;20;0.9;104;7;17;971;11;10;0;0;0
1688;0;2.5;0;0;1;21;0.2;170;7;0;3984;17;14;1;1;3
1413;1;0.5;1;4;1;45;0.4;104;5;6;2973;17;8;0;1;3
559;1;0.5;0;10;0;11;0.4;82;5;14;2019;10;4;1;1;1
1483;1;2.6;1;13;0;19;0.6;146;7;19;1587;9;4;0;0;1
860;1;1.6;1;13;0;48;0.5;187;7;18;1870;17;2;0;0;1
1090;0;1.3;1;5;0;27;0.1;91;4;16;1352;5;1;1;0;1
686;1;0.5;0;11;0;3;0.3;91;6;15;570;7;6;1;0;0
818;0;1.3;0;14;0;43;0.9;177;6;15;546;12;6;1;1;0
1456;0;1.6;1;5;0;49;0.2;193;3;20;3624;12;11;1;0;3
774;0;0.5;1;2;1;10;0.5;188;2;9;2944;8;6;1;1;2
1068;0;0.5;1;0;1;19;0.9;197;8;9;1209;19;12;1;0;0
1373;1;1.9;1;1;1;29;0.9;141;6;12;2752;15;2;1;1;3
1777;1;3.0;0;3;0;20;0.6;188;6;5;3868;5;1;1;1;3
594;0;0.8;0;2;1;28;0.1;132;5;3;3087;16;4;1;1;2
1524;0;2.6;1;5;0;57;0.5;124;2;12;947;11;4;1;1;0
511;1;0.6;1;12;0;50;0.1;175;3;16;1484;9;7;0;0;0
1402;1;0.6;1;3;0;46;0.3;87;7;12;347;17;0;0;1;0
965;1;0.5;0;15;0;53;1.0;131;8;19;3227;12;6;0;0;2
1270;1;2.3;0;0;0;58;0.5;104;5;1;3299;13;4;0;1;3
919;0;0.5;1;11;0;13;0.3;159;1;15;1028;8;4;0;0;0
1963;1;1.0;0;16;1;34;0.1;157;2;17;714;18;2;0;1;1
1977;0;1.3;1;2;0;31;0.4;173;8;6;2641;8;2;0;0;3
1881;0;2.2;0;4;0;51;0.3;158;5;7;1229;12;0;0;0;1
683;0;0.7;0;5;0;19;0.9;173;4;17;2622;16;3;0;1;2
772;0;2.6;1;7;0;6;0.1;100;2;10;929;13;6;1;1;0
536;1;1.4;0;0;1;53;0.7;135;3;0;1211;15;10;0;1;0
1694;0;1.8;0;0;0;53;1.0;186;6;0;1653;7;5;0;0;2
1633;0;1.7;1;3;1;33;0.9;111;2;19;511;9;0;1;0;0
1371;0;0.5;0;4;0;52;0.5;167;4;19;3034;13;6;0;0;2
551;1;2.8;0;0;1;54;0.1;172;7;15;1414;6;1;0;1;0
1221;0;0.5;0;1;1;28;0.5;139;1;7;2438;13;11;1;1;3
1000;1;0.5;0;12;0;63;0.7;179;8;18;3744;11;1;0;1;3
1986;0;2.7;1;3;1;64;0.2;162;4;20;1377;5;3;1;1;1
1119;0;0.5;1;0;1;23;0.4;164;4;1;3520;7;4;0;0;3
1699;0;0.5;1;1;0;59;0.5;97;4;3;3796;17;10;1;1;3
1099;0;0.5;0;13;1;61;0.3;146;3;20;1699;17;10;1;1;1
1576;0;2.6;0;7;0;58;0.2;90;3;16;336;14;8;1;1;0
950;1;0.5;0;9;0;55;0.1;156;5;10;1095;14;12;1;0;0
1081;1;2.5;1;13;0;49;1.0;99;3;17;325;9;1;0;1;0
606;0;2.5;0;1;1;53;0.2;146;4;2;1223;19;12;0;0;0
502;0;1.5;1;7;0;37;0.2;199;2;12;1649;6;1;1;0;1
957;1;0.7;0;0;1;4;0.1;160;2;0;1898;12;4;1;0;1
1658;1;1.4;1;0;1;38;0.3;159;5;0;2609;12;11;0;0;2
1681;1;2.5;1;6;0;18;0.3;167;1;7;2265;5;3;1;1;2
1983;1;0.5;1;3;0;43;1.0;87;6;10;2775;9;4;1;1;2
1753;0;1.2;0;8;1;12;0.9;113;7;17;1445;17;16;1;1;1
1632;1;1.4;0;0;0;41;0.1;132;4;1;2614;5;4;0;0;2
1949;1;1.4;0;7;0;57;0.3;145;7;11;356;5;3;0;0;0
1696;0;1.7;0;1;0;13;0.9;97;3;2;523;5;0;1;1;0
688;0;2.5;1;0;0;57;0.8;131;7;3;3745;17;1;1;0;3
1104;0;1.7;0;1;1;60;0.4;199;2;13;1229;6;0;1;1;0
1122;0;2.8;0;0;0;28;0.6;184;3;4;1402;14;10;1;0;1
504;1;0.5;1;2;1;46;0.9;172;5;14;2085;13;5;0;0;1
1154;0;0.5;0;12;1;14;0.7;156;7;14;587;8;3;1;1;0
1727;0;2.1;0;2;1;63;0.6;85;7;8;2457;19;13;0;1;3
1674;0;2.8;1;0;1;52;0.2;89;3;7;2030;7;0;0;0;2
1948;0;2.8;1;5;1;18;0.2;135;2;14;816;16;2;0;0;0
1218;1;2.8;1;3;0;39;0.8;150;7;14;1667;10;0;0;0;1
531;0;1.1;0;10;0;63;0.7;189;7;14;2958;17;1;1;0;2
1057;0;2.1;0;4;0;5;0.5;154;5;13;3705;6;4;0;0;3
576;0;1.2;0;1;0;30;0.8;162;8;5;2800;11;6;1;1;2
1960;1;2.1;0;1;0;7;0.2;165;7;9;3773;11;9;1;1;3
673;1;1.7;1;3;1;22;0.1;88;1;5;2050;7;2;1;0;1
718;0;0.7;1;0;1;21;0.8;88;1;7;1754;17;11;0;1;1
864;0;1.7;0;3;1;35;0.3;103;3;7;1904;12;8;1;1;1
547;0;1.9;1;1;0;37;0.4;154;5;4;2705;17;3;1;0;1
623;1;0.9;0;1;1;3;0.1;102;8;7;3537;16;13;0;1;3
1793;0;0.7;1;11;0;27;0.4;154;5;13;1370;16;3;0;1;1
1720;1;0.7;1;0;0;19;0.1;137;2;3;1222;13;2;0;0;1
812;0;0.5;1;1;0;64;1.0;106;4;7;3102;6;0;0;0;2
980;1;0.5;0;0;1;33;0.9;160;6;0;2268;7;5;1;0;2
643;0;1.0;0;9;1;18;0.2;187;8;12;2648;7;5;1;1;1
1925;0;3.0;1;0;1;16;0.8;175;8;11;2173;7;3;1;0;2
1408;1;2.5;0;3;0;32;0.1;151;4;6;3162;19;18;0;0;3
1522;1;0.7;1;4;0;28;0.2;124;1;5;1368;14;5;0;1;1
587;1;2.5;0;16;1;51;0.6;111;1;17;2746;10;4;0;1;2
1959;0;0.5;1;5;0;18;0.7;191;6;20;619;7;4;1;1;0
1872;0;0.5;1;3;0;17;0.7;89;6;6;724;17;3;0;1;1
1043;1;0.5;0;7;0;42;0.1;111;3;8;912;16;9;1;0;0
1809;0;0.5;0;6;0;23;0.7;123;6;19;2784;12;6;1;1;3
1703;1;0.5;0;5;1;23;0.2;92;6;7;793;7;3;1;0;0
1095;1;0.5;0;4;0;45;0.5;197;1;5;560;9;1;1;0;0
1414;0;2.6;0;1;0;27;0.6;137;4;20;312;5;2;0;1;0
1659;1;2.5;0;2;0;41;0.1;88;7;18;545;12;0;1;1;0
1540;0;0.7;1;1;0;60;0.8;197;7;12;1591;19;0;0;1;1
1342;0;1.0;0;0;1;31;0.6;86;7;1;2746;15;5;1;0;3
1189;1;2.3;0;13;0;8;0.5;198;3;14;893;9;6;1;0;0
518;1;2.4;0;0;1;62;0.6;128;6;0;2514;16;12;1;1;1
1449;0;0.8;1;3;1;10;0.2;144;1;12;1032;10;0;1;1;1
516;0;1.1;1;0;1;39;0.4;91;5;7;819;8;0;1;1;0
1569;0;0.8;1;8;0;59;0.9;111;3;16;3672;15;2;0;1;3
1312;1;0.8;1;0;0;24;0.9;156;6;0;3833;14;13;1;0;3
1893;1;0.5;1;1;0;23;0.1;179;8;3;1482;15;7;1;0;2
1076;0;2.5;0;3;0;14;0.2;105;5;4;2043;7;5;0;0;1
530;1;2.6;0;1;0;40;0.9;118;6;2;1229;16;11;1;0;0
1044;1;2.8;1;7;0;33;0.6;129;4;13;1816;17;16;0;1;1
1330;0;1.1;0;11;0;37;0.7;126;7;20;2166;10;1;0;0;2
1836;0;1.1;1;0;0;14;0.7;104;5;1;2469;18;6;1;1;2
1741;1;0.5;0;1;1;55;0.1;140;5;3;2575;13;10;1;1;2
1869;0;2.6;0;0;1;30;0.4;152;1;13;1375;15;3;0;0;1
1331;0;0.5;0;8;0;55;0.9;146;3;15;1732;6;2;0;1;1
1655;1;0.5;1;6;1;4;0.1;105;3;12;673;10;3;0;0;0
605;0;1.5;0;9;1;18;0.9;162;2;14;2301;15;9;0;0;1
1245;1;0.6;0;2;0;30;0.7;105;5;3;2676;17;8;0;0;2
1709;1;0.8;0;8;1;58;0.8;136;2;10;1781;18;3;0;0;2
846;1;2.6;0;0;1;58;0.1;123;4;15;2248;16;8;0;0;2
1403;1;2.5;1;3;0;62;0.9;90;4;13;921;14;13;0;0;0
688;1;1.5;0;0;0;2;1.0;89;3;2;391;5;2;1;1;0
775;1;2.5;1;1;1;10;0.1;185;7;14;1719;19;3;1;1;1
1154;0;2.0;0;6;1;35;0.8;159;5;16;3262;16;15;0;0;3
1375;0;0.5;1;2;1;35;0.1;194;2;3;1947;15;13;1;1;1
1827;1;0.8;0;4;0;61;0.9;130;7;9;2693;8;3;1;1;3
1697;0;0.5;0;0;1;60;0.1;90;4;0;441;15;1;1;0;0
741;0;1.5;0;1;0;14;0.3;178;5;13;1886;19;11;1;1;0
1672;1;0.5;1;13;1;32;0.7;174;1;20;1267;17;4;1;0;1
514;1;0.7;0;4;0;57;0.1;186;3;7;687;6;0;1;1;0
1375;1;1.3;1;2;0;12;0.1;105;1;13;2890;17;1;0;0;3
989;1;1.8;1;4;1;55;0.7;124;1;12;1737;8;5;0;1;1
1510;1;2.5;1;11;0;47;0.7;138;2;13;887;18;6;0;0;0
1266;0;2.6;0;1;0;18;0.4;86;7;2;398;16;8;1;1;0
1396;0;2.4;1;0;0;46;0.1;138;7;1;2389;7;3;0;1;2
808;0;2.3;0;3;0;45;0.8;161;1;9;3431;15;6;1;1;3
1542;0;2.3;0;1;0;43;0.8;182;2;11;3601;14;4;0;0;3
745;1;0.6;1;5;0;35;0.8;102;8;10;2459;14;1;1;0;1
1735;1;1.9;1;0;1;59;0.7;148;6;0;3230;6;1;1;0;3
586;0;0.5;1;1;0;57;0.3;188;2;5;3646;15;4;1;1;3
1341;1;2.1;1;0;0;36;0.4;107;8;1;2200;18;14;1;0;1
781;1;1.3;1;1;0;64;0.2;88;2;7;3862;17;10;0;0;3
501;1;0.5;1;14;0;22;0.5;174;6;20;3077;17;3;0;0;2
1224;1;1.8;1;2;1;44;0.2;139;2;9;621;11;4;1;1;0
1970;0;1.6;1;11;1;58;0.3;80;8;19;2372;14;12;1;0;2
618;1;2.2;1;0;1;63;0.9;138;2;1;2574;14;3;1;0;2
1537;0;2.9;0;11;1;46;0.8;158;4;17;2857;17;14;1;1;3
1018;0;2.2;0;8;0;16;0.6;153;8;10;3143;17;12;1;0;3
1545;0;1.3;1;15;1;35;0.1;173;5;20;3197;14;9;0;1;3
1871;0;2.1;0;4;1;41;0.4;144;8;5;2727;15;8;0;0;3
1729;1;2.1;1;1;0;12;0.9;186;1;6;1519;9;4;0;1;1
680;1;2.1;1;9;1;9;0.1;131;3;11;2438;14;2;0;0;2
1106;1;1.9;0;4;0;54;0.7;107;3;9;2674;9;3;0;1;2
635;1;0.6;1;1;1;50;0.3;97;5;13;2107;13;12;0;0;1
618;0;0.6;0;8;0;16;0.2;143;1;14;2262;16;15;1;0;2
1671;0;0.5;1;13;0;5;0.9;179;8;18;815;16;6;1;1;0
1562;1;1.2;1;0;1;52;0.1;105;7;9;2829;13;10;1;1;2
1975;1;1.9;1;2;0;31;0.9;151;1;17;3022;13;5;0;1;3
831;1;0.7;0;2;1;62;0.7;134;8;9;2573;16;12;0;1;2
1524;1;1.8;1;0;0;10;0.6;174;4;1;2678;16;5;0;1;2
1528;1;1.8;1;3;1;55;0.8;129;5;6;1282;11;9;1;1;1
1447;1;2.5;1;2;0;9;0.2;155;8;16;568;12;11;0;0;0
1344;0;1.5;0;1;0;14;0.5;190;1;3;2074;8;1;1;0;1
564;0;3.0;1;1;0;8;0.7;130;2;3;2227;9;2;0;1;1
921;0;0.6;1;1;0;60;0.1;83;2;3;1080;10;0;0;1;0
1413;1;1.7;0;2;0;10;0.2;200;6;6;2867;5;4;1;0;2
831;0;2.4;0;10;0;55;0.5;86;6;12;1075;12;11;1;0;0
802;0;0.5;1;3;0;43;0.6;153;5;6;3063;17;13;1;0;2
1923;0;1.3;0;3;0;24;1.0;86;4;4;2479;9;2;1;0;2
1193;1;3.0;0;10;0;56;0.4;196;3;17;2394;19;11;1;0;2
904;1;1.2;1;10;1;31;0.8;112;3;11;2814;13;3;0;0;2
1285;0;2.4;0;1;1;51;1.0;140;7;2;2094;8;0;0;0;1
1635;0;2.6;1;0;1;2;0.6;182;4;0;2315;10;1;1;0;2
1923;0;1.0;1;5;1;14;0.9;154;4;6;2519;13;0;0;1;2
1851;1;1.9;1;3;1;12;0.9;198;6;11;735;7;6;0;1;0
727;1;1.5;0;0;1;32;1.0;131;7;1;1891;19;13;0;1;1
1396;0;1.5;1;0;1;44;0.1;118;6;1;1386;7;1;1;1;1
877;0;1.3;1;9;1;46;0.8;135;1;14;3260;14;12;0;0;2
696;1;2.4;0;11;1;35;0.2;103;3;13;2022;14;11;0;1;1
1009;1;1.0;1;2;0;2;0.6;102;8;14;1716;7;5;0;0;1
1526;0;1.1;1;2;1;38;0.3;116;5;6;3317;7;1;1;1;3
987;0;2.0;1;1;0;20;0.8;192;7;3;1454;11;3;1;0;0
1414;1;2.2;1;0;1;49;0.5;101;4;1;2290;13;0;1;0;1
1732;0;0.8;0;2;0;61;0.3;172;5;3;3940;17;11;1;1;3
1587;1;0.5;0;0;0;50;0.9;148;8;15;461;17;4;0;1;0
1097;0;0.8;0;10;1;21;0.1;160;7;15;2219;15;6;0;1;2
504;0;2.8;1;0;0;40;0.5;178;3;0;470;6;0;0;0;0
1159;0;2.7;0;13;1;28;0.2;80;8;18;2495;10;0;1;1;2
1910;0;1.4;0;0;0;29;0.6;146;7;2;2944;8;7;1;1;2
865;0;1.2;1;8;0;59;0.1;159;3;9;2361;16;11;0;1;2
1930;1;2.0;0;11;0;16;0.8;186;8;12;1783;17;3;0;1;2
860;1;1.3;1;8;1;40;0.7;170;3;13;2832;13;7;1;1;2
1268;1;2.9;0;9;1;42;0.9;182;6;17;931;11;5;1;0;0
999;1;1.8;1;0;1;27;0.1;167;4;1;1344;17;10;0;0;0
622;0;0.7;0;0;1;9;0.3;127;2;0;3916;13;1;0;1;2
1250;1;1.4;0;8;0;44;0.2;182;7;20;1882;14;1;0;0;1
763;1;0.5;0;9;1;51;0.3;104;5;12;2865;11;6;1;1;2
1100;1;1.6;0;12;0;15;0.1;112;8;14;757;12;2;1;1;0
815;0;2.0;1;4;0;51;0.3;85;6;12;3469;5;4;0;1;3
618;1;0.5;1;2;1;57;0.2;88;3;7;2399;18;15;1;1;1
553;1;2.2;1;0;1;18;0.7;136;2;1;3300;12;10;0;0;3
673;1;2.2;1;2;0;3;0.4;84;2;9;2719;19;2;1;1;2
563;0;2.0;1;3;0;47;0.3;115;7;12;3012;14;4;0;0;2
1590;0;1.5;1;12;1;14;0.5;187;4;15;2836;6;5;0;0;3
1031;1;2.1;1;2;1;11;0.1;121;2;9;2385;11;7;0;0;2
909;1;0.5;1;9;0;30;0.4;97;3;10;594;12;0;1;1;0
1880;0;0.5;0;0;1;7;0.6;104;4;1;2968;9;0;1;0;3
1479;1;1.8;1;0;1;24;0.1;146;6;0;3762;12;10;0;0;3
1271;0;1.5;1;0;0;2;0.9;161;1;1;892;15;13;1;0;1
709;0;1.9;0;11;1;13;0.1;81;8;15;467;17;11;1;1;0
1744;0;2.8;0;0;1;62;0.7;158;1;0;345;10;6;0;0;0
1314;1;2.2;0;0;1;40;0.8;116;7;1;3033;9;8;1;1;3
1136;0;0.5;0;0;1;9;0.9;150;6;2;2110;9;5;0;1;2
1039;1;2.7;0;11;0;56;0.3;125;8;13;3105;14;8;1;1;2
1300;1;0.5;0;5;0;62;0.1;156;6;7;874;15;3;1;0;0
732;1;2.3;1;7;1;39;0.6;188;7;11;3681;19;3;1;1;3
511;0;0.7;1;1;1;52;0.7;180;2;10;3865;8;3;0;1;2
1092;1;0.5;1;10;0;11;0.5;167;3;14;737;14;4;1;0;0
921;1;2.2;1;12;1;10;0.1;170;7;18;3153;8;2;1;0;3
1030;1;0.5;0;4;1;37;0.7;147;1;8;2800;8;6;0;1;2
1130;0;1.8;1;0;0;27;0.9;101;1;8;315;14;5;1;0;0
1299;0;2.8;1;2;0;60;0.8;187;8;6;1412;13;1;1;1;1
1009;1;2.8;1;7;1;2;0.6;115;7;15;2286;19;8;0;0;2
1735;0;1.8;1;16;0;34;0.1;140;2;17;2392;17;15;0;1;2
1129;1;2.8;1;0;0;49;0.5;185;2;2;1857;8;4;1;1;1
708;0;1.9;0;0;0;26;0.3;116;7;1;1419;10;6;1;1;0
894;0;0.7;0;2;1;58;0.1;123;2;3;3305;12;7;0;0;2
530;0;2.4;0;1;0;32;0.3;88;6;20;959;17;7;1;0;0
1481;1;2.0;1;0;0;35;0.5;105;3;0;2635;17;16;0;1;2
1068;0;2.7;1;0;1;45;0.6;194;5;1;1754;17;7;0;1;1
1487;0;0.5;0;6;1;57;0.7;84;3;12;2563;18;4;0;0;2
1524;0;2.5;1;11;1;41;1.0;96;4;20;1936;7;0;1;1;1
1093;0;1.9;1;2;1;22;0.3;196;8;14;1869;8;5;1;1;1
1816;1;1.6;1;0;0;50;0.1;186;5;2;3637;11;7;0;1;3
627;0;1.8;0;2;0;20;0.8;142;3;8;896;17;6;0;0;0
989;1;0.7;0;13;1;51;0.4;132;3;15;2349;10;1;0;1;1
1895;0;0.5;0;2;1;5;0.7;134;1;11;774;15;4;1;0;1
805;1;1.7;1;0;1;58;0.9;168;3;10;3397;7;6;0;0;2
713;1;1.6;0;7;1;2;0.4;181;8;9;485;10;6;1;1;0
864;0;2.5;0;10;1;24;0.7;148;4;15;3964;13;8;1;0;3
1177;0;0.9;0;1;0;11;1.0;181;4;7;1887;8;5;1;1;1
582;0;0.5;0;8;0;32;0.7;107;3;11;2977;6;1;1;1;2
1898;0;1.8;1;3;1;56;0.2;185;7;4;2114;10;5;1;1;2
1158;0;0.7;1;1;1;29;0.7;123;2;20;1542;17;9;0;1;1
1451;1;0.5;0;5;1;57;0.6;181;8;12;3038;15;7;0;1;3
1820;1;1.4;0;5;0;51;0.9;163;7;10;2481;11;9;0;0;2
984;0;0.5;1;3;1;9;0.8;140;3;20;841;18;15;0;0;0
580;1;2.1;1;0;0;24;0.4;135;4;5;3565;12;11;0;1;2
1263;1;2.0;0;0;0;5;0.4;146;6;3;1958;9;6;1;1;2
1237;0;0.5;0;2;0;27;0.1;87;8;5;2454;14;0;1;1;2
514;1;1.6;0;7;1;37;0.1;172;1;9;3392;12;8;1;1;3
1515;0;2.6;0;0;1;56;0.9;184;3;1;262;14;4;1;0;0
721;0;0.5;1;6;1;6;0.4;194;4;9;530;8;4;0;1;0
603;1;2.5;1;3;0;35;0.7;126;3;16;3703;13;1;0;1;3
1426;1;2.5;0;2;1;55;0.4;109;1;7;2562;5;1;0;0;2
1820;1;1.7;1;0;1;64;0.6;161;1;3;574;10;2;1;0;1
1215;0;1.0;0;4;0;16;0.1;130;4;8;2632;7;1;0;1;2
697;0;2.7;1;5;1;20;0.4;173;2;6;259;12;6;1;1;0
717;1;0.5;1;4;0;10;0.6;198;1;5;688;10;7;1;0;0
1348;1;2.0;1;5;0;36;0.3;145;6;6;2554;19;1;1;0;2
1164;1;2.6;1;0;0;61;0.3;88;1;6;3859;11;10;1;0;3
578;1;0.5;0;9;1;62;0.3;170;5;13;2977;15;12;1;1;2
1971;1;0.5;1;0;0;40;0.3;186;7;19;571;8;7;1;0;0
1794;1;0.5;1;5;1;55;0.5;86;7;7;402;14;7;0;1;0
1558;1;2.5;0;2;1;32;0.1;114;5;3;878;16;5;1;1;0
1597;1;0.9;0;4;1;4;0.5;85;1;19;2130;8;3;1;0;2
1240;0;1.6;0;0;0;39;0.1;146;2;9;3260;13;1;0;1;3
1994;1;0.8;1;2;1;7;0.6;88;8;4;454;11;8;1;0;0
1221;0;2.3;0;7;1;35;0.4;152;7;19;2638;19;16;1;1;2
989;1;1.6;1;11;1;24;0.6;156;8;17;2819;16;13;0;1;2
1180;1;1.2;0;5;1;50;1.0;144;4;20;1464;7;3;1;1;1
718;0;2.8;0;10;0;59;0.8;113;6;13;1824;11;9;1;0;1
1670;1;1.6;1;0;0;47;0.8;139;8;15;876;16;0;1;0;1
534;1;2.5;0;1;1;21;0.3;164;7;9;2706;7;5;1;0;2
1566;1;0.5;1;0;0;20;0.5;126;2;0;659;14;9;1;1;1
1935;0;0.5;0;0;1;29;0.6;124;5;9;455;9;2;0;1;0
504;1;2.8;1;2;0;54;0.4;163;2;10;2378;17;11;0;0;2
913;0;1.7;1;1;1;41;0.3;103;1;14;2278;15;3;1;0;1
1317;0;1.8;1;2;0;43;0.5;113;5;3;3436;16;13;1;1;3
917;1;0.5;0;1;1;31;0.5;88;6;2;3424;19;2;1;0;3
712;0;2.5;1;1;0;49;0.6;99;6;3;401;5;0;0;1;0
1083;0;1.0;0;6;0;52;0.9;126;2;20;681;19;18;1;1;0
1039;0;0.6;0;5;1;6;0.1;136;6;8;3212;15;7;0;1;2
1747;0;0.5;0;4;0;13;0.7;185;6;12;3105;7;1;0;0;3
1449;1;0.5;1;0;0;52;0.6;105;6;0;2036;5;1;1;0;1
1872;1;0.5;1;14;0;49;0.2;139;7;18;3153;16;15;1;0;3
1796;0;1.6;1;5;0;7;0.1;101;4;6;1642;9;4;1;1;1
1097;0;1.4;0;0;0;60;0.8;181;1;17;509;15;12;0;0;0
1562;0;0.5;1;1;1;20;0.8;172;8;10;3465;16;11;1;0;3
1433;1;2.3;0;8;1;27;0.9;153;7;12;3900;18;16;0;1;3
740;0;1.8;0;1;0;12;0.2;123;1;11;1105;7;6;1;1;0
676;0;2.2;0;1;1;39;0.2;84;1;5;2064;13;7;0;0;1
503;1;1.8;1;1;1;13;0.7;131;1;4;3117;19;6;0;1;3
1020;0;1.5;0;13;1;7;0.7;96;3;18;1142;13;9;0;1;1
896;0;1.0;1;3;1;4;0.3;111;1;4;1060;12;10;1;1;1
1824;1;0.8;0;4;1;19;0.9;143;2;5;2381;14;1;0;0;2
1512;0;0.6;1;1;1;54;0.4;134;3;2;3366;7;3;0;1;3
1053;0;2.9;0;7;0;42;0.9;126;6;17;1339;17;0;0;1;0
1944;1;1.8;1;0;1;31;0.8;87;4;10;2560;7;3;0;0;3
1174;0;0.7;1;1;1;25;0.8;91;2;8;285;19;7;0;1;0
627;1;1.6;1;3;1;12;0.2;131;7;17;2476;17;1;0;0;1
1602;0;2.7;0;4;1;46;0.6;118;1;5;1862;16;9;0;1;1
1733;1;1.5;1;4;1;6;0.9;170;1;15;3488;6;4;1;1;3
586;0;1.4;1;10;1;8;0.5;142;8;14;3178;9;7;0;1;2
1528;0;2.4;0;2;0;37;0.2;156;8;3;733;15;0;1;0;0
875;0;0.7;0;2;0;23;0.1;110;7;7;756;14;5;0;0;0
1602;0;0.6;0;12;0;58;0.4;170;1;13;3622;17;2;1;1;3
1426;0;1.6;0;4;1;12;0.7;174;5;16;1277;14;9;0;0;1
1370;0;1.4;0;5;1;6;0.2;158;6;8;3703;13;10;1;0;3
609;1;0.5;0;4;1;10;0.1;81;6;6;1905;16;3;1;1;1
840;0;1.2;1;5;1;15;0.3;178;6;8;2636;12;2;1;0;2
991;0;2.0;0;2;1;12;0.3;158;5;6;2014;11;9;0;0;2
1724;1;1.8;0;0;1;9;0.8;100;2;1;3056;18;16;0;0;3
584;1;1.8;0;0;1;19;0.3;168;3;0;465;12;8;1;0;0
860;1;1.3;1;1;1;49;0.7;141;6;13;3869;16;14;1;1;3
1541;1;2.8;1;10;1;28;0.2;165;5;15;1108;12;1;0;1;1
615;1;0.5;1;7;0;58;0.5;130;5;8;1906;14;5;0;0;1
912;1;2.8;1;6;1;46;0.4;84;4;11;851;8;4;1;1;0
1278;1;1.2;0;10;1;60;0.6;172;7;14;3142;11;4;0;1;3
1365;0;0.6;0;0;1;31;0.3;125;4;0;1300;14;7;0;1;0
1702;0;1.0;0;7;0;36;0.1;177;5;9;1430;8;6;0;0;2
589;1;0.5;0;1;1;59;0.7;146;8;4;362;16;10;1;1;0
1347;0;1.5;1;10;0;56;0.3;95;1;19;2456;13;0;1;1;2
1644;0;2.8;0;0;1;44;1.0;137;8;0;2360;7;4;0;0;2
956;0;1.9;1;1;0;42;0.1;133;7;11;3700;10;0;1;0;3
1089;0;1.4;1;10;0;2;0.1;153;7;20;2620;7;5;0;0;2
871;0;0.6;0;2;0;52;0.1;178;3;3;437;14;7;0;0;0
664;0;1.5;0;5;1;6;0.9;164;2;19;3774;11;5;0;0;3
1874;1;0.6;0;1;0;19;0.8;192;2;9;1218;15;10;1;0;1
1928;0;2.6;0;5;0;5;0.8;162;5;16;696;14;12;1;1;0
888;0;2.6;1;2;1;33;0.4;198;2;17;3407;12;1;0;0;3
1077;1;1.7;1;1;0;58;0.8;86;7;13;3902;9;3;0;0;3
1023;1;2.3;1;5;1;30;0.2;80;8;7;2086;10;0;1;1;1
1426;1;0.8;0;2;1;42;0.6;84;3;10;1356;15;9;0;1;1
831;0;1.7;1;7;1;26;0.7;177;5;11;1704;6;5;1;1;0
1496;1;1.3;1;0;1;6;0.5;85;3;9;3571;16;1;1;1;3
1433;1;2.3;0;2;1;5;0.1;129;5;11;2132;18;15;0;1;1
1095;1;2.6;1;0;1;44;0.7;103;4;5;3209;13;11;1;1;3
643;1;0.7;1;3;1;23;0.8;156;1;9;2096;13;6;0;0;1
1142;1;1.1;0;0;1;6;0.5;198;4;0;1273;19;0;0;0;1
730;1;0.5;1;3;1;27;0.1;112;5;10;3623;9;4;1;0;2
1901;1;0.5;0;5;1;41;0.6;131;2;17;368;5;1;0;0;0
1510;0;0.6;1;1;0;32;0.7;135;3;8;854;8;2;0;1;1
1924;0;2.6;0;0;1;59;0.9;136;6;0;3646;10;9;0;1;3
1825;0;1.1;1;13;1;17;0.1;157;4;18;3130;12;4;0;1;3
1275;1;0.5;1;3;1;5;0.2;152;1;9;3784;13;4;1;0;3
987;1;2.3;0;9;0;17;0.8;124;7;17;3885;11;0;1;0;3
1538;1;2.3;0;6;1;13;0.2;121;7;7;1494;18;10;1;1;1
1965;1;0.5;0;4;1;29;0.5;149;5;13;2973;11;1;1;1;3
808;0;1.9;0;7;0;20;0.8;185;6;14;1471;13;4;1;0;0
712;0;0.5;0;6;0;27;0.5;86;2;11;2001;11;10;1;1;1
1507;1;0.9;1;0;1;42;0.4;123;5;0;1486;15;3;0;0;1
912;0;0.7;0;3;0;47;0.9;182;3;6;1321;7;2;1;1;0
769;1;1.2;0;2;0;17;0.1;95;8;4;1877;18;2;0;1;1
948;0;2.3;0;14;0;22;0.1;173;5;20;3499;11;7;1;1;3
507;1;1.9;1;0;1;39;0.7;142;1;0;2124;6;0;1;0;1
1384;1;2.8;1;15;0;60;0.1;82;3;18;1221;18;12;0;1;1
1766;1;1.3;0;1;0;29;0.5;194;8;20;2316;19;2;0;1;2
1407;0;1.8;1;5;1;16;0.2;170;4;6;1068;6;0;1;0;1
614;0;2.9;1;3;1;24;0.2;94;4;7;1930;13;12;0;1;1
1972;0;2.9;0;9;0;14;0.4;196;7;18;1316;8;1;1;0;1
1039;0;0.5;1;8;0;47;0.2;130;8;9;1742;18;12;0;0;1
511;1;3.0;1;5;1;34;0.9;125;8;13;3265;14;7;0;0;2
1811;1;2.5;0;4;1;5;0.6;98;4;16;2700;13;7;1;1;2
1159;0;1.5;0;3;0;36;0.4;104;4;8;2115;8;7;0;0;2
1848;0;1.3;1;7;0;12;0.1;178;2;19;3915;9;7;0;1;3
1988;1;0.5;0;0;1;16;0.1;94;8;1;3144;16;2;0;0;3
1469;0;0.5;0;3;1;58;0.5;150;7;8;1571;17;16;0;0;2
1423;0;0.6;0;12;0;44;0.8;131;5;13;2253;10;8;0;0;1
1974;0;0.5;1;9;0;10;0.8;145;6;12;1433;6;1;0;0;1
835;0;0.8;1;2;1;42;0.8;128;5;18;2583;15;2;1;1;2
1429;0;0.6;0;8;0;42;0.9;151;5;9;1817;6;1;0;0;1
947;1;0.5;0;1;1;51;0.1;144;2;15;2915;17;1;1;1;2
1446;1;2.8;1;0;1;18;0.3;178;8;1;3340;8;0;1;1;3
1332;0;1.3;1;5;1;7;0.8;168;7;19;2790;19;11;1;0;2
1498;1;1.2;1;0;1;14;0.1;191;4;1;577;14;12;1;0;0
1576;1;0.9;1;0;1;14;0.4;173;2;4;3220;17;2;1;0;3
1398;0;1.6;1;8;1;26;0.8;150;1;12;3488;14;3;1;0;3
1885;0;2.4;1;12;1;14;0.6;92;4;15;1277;9;6;0;1;1
798;1;0.5;1;7;0;2;0.8;148;2;15;3593;14;9;1;0;2
1436;0;2.5;1;0;1;42;0.9;124;8;1;2736;12;5;1;0;3
1998;1;1.2;0;8;0;31;0.6;196;8;19;2311;17;9;1;0;2
1321;1;1.3;0;0;1;63;0.4;109;8;9;1464;7;6;1;1;1
1021;0;1.3;0;7;0;9;0.7;192;2;12;1355;6;1;1;0;1
1339;1;2.3;1;0;0;40;0.1;123;2;1;2382;6;4;0;1;2
1210;1;1.6;1;9;0;57;0.5;111;4;20;1886;16;0;0;1;1
1949;1;0.5;1;2;1;31;0.1;145;5;9;832;7;3;0;0;1
882;0;0.7;1;9;1;28;0.2;151;6;16;751;19;11;0;1;0
1549;1;1.5;1;0;1;27;0.4;113;5;7;436;10;8;0;0;0
1991;0;2.2;1;1;1;42;0.7;82;1;13;722;6;5;1;0;0
796;0;0.5;0;2;0;12;0.5;114;1;8;1075;7;3;1;0;0
1012;0;0.5;1;4;0;39;0.1;161;4;6;2802;8;0;1;0;2
1318;0;1.9;1;0;1;11;0.8;188;2;15;1780;12;10;0;0;1
1708;0;0.8;0;8;1;14;0.9;197;4;16;1247;19;16;0;0;1
598;1;0.8;1;8;1;62;0.1;117;8;9;3066;11;2;1;0;2
541;1;2.3;0;4;0;51;0.4;200;8;17;403;11;2;0;0;0
818;0;0.5;1;2;1;23;0.2;192;5;17;2518;19;12;1;0;2
1414;0;0.5;0;0;1;15;0.8;168;2;0;1069;18;6;0;0;0
601;1;1.7;1;3;1;6;0.8;169;4;11;2651;14;8;0;1;2
561;1;2.8;1;2;1;40;0.1;99;7;6;2974;15;12;0;1;2
1616;1;2.3;1;3;0;52;0.1;100;5;8;657;7;3;1;0;0
1263;1;1.4;1;1;1;32;0.4;103;2;2;3372;18;13;1;0;3
1604;1;1.9;1;0;1;63;0.6;93;5;2;1464;15;9;1;0;1
539;0;2.0;1;1;0;24;0.5;86;4;2;1326;7;4;1;0;0
1071;0;2.6;0;0;0;49;0.3;199;4;5;3393;6;5;0;0;3
826;0;0.5;1;0;1;57;0.5;135;2;0;323;17;3;0;1;0
771;0;2.9;0;2;0;62;0.7;106;1;8;1628;9;3;1;0;1
1811;0;2.9;0;0;0;33;0.2;132;8;2;2610;8;3;1;0;3
1842;1;2.2;1;7;0;56;0.4;179;4;10;3721;16;11;1;1;3
1420;0;2.8;1;1;0;50;0.1;100;8;8;763;17;1;1;1;0
1763;0;0.5;1;12;0;10;0.2;184;3;19;792;17;12;0;1;0
1163;1;1.9;0;6;0;2;0.9;133;5;20;1568;14;0;0;0;1
1805;1;0.5;0;0;0;29;0.2;182;4;2;1276;19;4;1;0;1
610;1;1.6;1;9;0;52;0.4;90;4;19;3472;10;4;1;1;3
1533;1;1.1;1;18;1;17;0.3;160;4;20;2520;8;2;0;1;2
1924;0;0.5;0;3;1;63;0.3;111;2;10;3423;13;3;0;0;3
1801;0;0.5;1;6;0;52;0.9;120;6;10;258;14;8;0;0;0
1726;1;1.9;0;1;1;42;0.6;106;5;3;1868;16;7;0;0;2
794;0;2.5;1;15;0;14;0.6;197;3;19;2171;19;8;0;1;1
1686;1;0.5;1;4;0;28;0.8;182;5;8;780;11;10;0;0;0
1444;1;2.1;1;0;0;6;0.9;103;1;1;712;17;5;0;0;0
1004;0;1.6;1;0;1;30;1.0;160;8;1;1012;7;4;1;1;0
1242;1;2.4;0;8;0;28;0.2;166;4;9;318;11;10;0;0;0
539;0;1.5;0;6;1;26;0.2;137;6;8;3948;18;11;1;1;3
717;0;1.1;1;2;1;14;0.1;99;8;6;629;16;15;0;0;0
1540;0;0.7;1;0;1;29;0.1;157;7;1;1161;11;8;0;0;0
672;0;0.5;0;7;1;35;0.1;99;8;17;1403;16;7;0;0;0
1325;1;0.5;0;0;1;13;1.0;133;4;8;3707;19;3;1;0;3
950;0;0.5;0;6;1;55;0.1;124;8;7;1305;6;5;0;1;0
948;0;1.5;1;6;0;18;0.3;119;4;7;2926;17;13;1;1;2
1328;1;0.5;0;5;1;27;0.3;144;3;18;2674;7;2;0;1;2
1447;0;0.5;0;3;0;40;0.7;184;2;5;471;8;4;0;1;0
1973;1;0.5;1;3;0;21;0.8;95;8;7;1724;12;10;0;1;1
1731;1;2.3;1;18;0;60;0.5;171;4;20;1220;9;3;1;0;1
1617;0;1.5;0;1;1;63;0.7;111;2;10;2754;19;10;1;1;2
1791;1;0.5;1;1;1;33;0.5;110;5;4;594;17;8;0;1;0
851;0;2.3;1;7;1;54;1.0;101;2;9;1005;12;2;0;1;0
856;0;1.9;1;0;1;14;0.6;115;1;7;2439;6;3;1;1;1
714;1;0.5;0;1;0;30;0.3;145;4;2;2302;12;10;1;1;1
951;0;0.5;0;6;1;15;0.6;81;2;17;1083;16;11;1;0;0
1303;1;2.1;0;6;1;10;0.4;109;8;15;2219;9;3;1;1;2
1550;1;2.7;0;2;0;32;0.1;126;7;5;1571;12;3;0;0;2
1759;1;1.4;0;10;1;15;0.4;101;4;13;2107;18;5;1;0;2
1448;0;0.5;1;18;0;2;0.2;100;5;19;593;9;4;1;1;0
1987;1;1.9;0;0;0;50;0.7;119;8;18;857;12;4;1;0;1
908;0;2.1;0;1;0;44;0.6;95;5;2;3518;16;12;1;1;3
820;0;0.5;1;2;0;58;0.3;160;4;4;1284;17;7;0;1;0
904;0;2.7;1;4;0;19;0.6;147;6;7;545;19;18;0;0;0
667;0;1.3;1;4;1;6;0.1;149;6;10;3566;9;5;0;1;2
1109;0;2.1;0;1;0;34;0.1;173;1;4;2821;13;5;0;1;2
1333;0;1.4;0;3;1;59;0.7;183;7;5;3442;18;16;1;0;3
1352;0;2.4;0;5;1;6;0.9;92;6;9;1309;12;1;0;0;1
1600;0;2.5;1;1;0;19;0.6;88;6;9;1179;10;3;0;1;1
1454;0;1.4;1;8;0;37;0.8;80;8;20;1713;16;0;0;0;1
1489;0;2.1;1;0;0;9;0.4;169;3;1;1663;9;3;0;1;1
1823;0;2.8;1;11;0;10;0.6;81;8;19;1812;5;0;1;1;2
1581;1;1.0;0;9;0;41;0.4;172;4;19;1384;19;9;1;1;1
1672;1;1.7;1;1;1;44;0.5;172;8;4;1348;11;6;1;1;1
1283;1;0.7;1;0;1;27;0.2;80;4;6;3957;17;15;0;0;3
630;0;2.0;0;9;1;14;0.5;180;8;13;1212;12;8;0;0;0
659;0;2.2;0;0;1;24;0.7;151;8;2;3925;8;1;1;1;3
1811;1;0.5;1;0;0;32;1.0;115;6;0;348;17;11;0;1;0
688;1;2.5;0;9;0;40;0.2;109;5;20;1382;12;7;1;0;1
514;1;2.9;1;5;0;18;0.7;141;2;8;980;13;7;0;1;0
1933;0;2.8;1;1;0;16;0.5;154;3;9;838;14;2;1;0;0
915;0;2.0;0;8;1;31;0.3;91;3;20;378;11;6;1;0;0
1006;0;2.2;1;4;1;22;0.8;135;4;8;909;18;4;0;1;0
1134;1;0.9;0;2;1;13;0.4;92;4;19;3632;17;8;1;0;3
599;1;2.9;0;0;1;64;0.3;186;8;1;3396;5;3;0;0;2
973;0;0.5;1;5;0;53;0.5;196;5;7;1861;13;10;1;0;1
1180;1;2.5;0;0;1;27;0.1;90;6;1;348;7;5;1;1;0
1237;1;2.5;0;7;0;13;0.8;98;4;12;2528;11;8;0;0;2
659;0;0.5;1;7;1;5;0.3;169;8;10;2190;16;10;1;0;1
1142;1;1.4;1;6;0;6;0.7;190;8;8;663;12;4;1;1;0
1002;0;2.7;1;16;1;11;0.4;185;6;18;961;10;7;0;1;0
1392;0;2.5;0;0;1;44;0.7;113;4;2;1280;8;1;0;1;1
602;0;0.9;0;9;0;50;0.9;141;8;18;2189;7;5;1;0;2
1249;1;0.5;0;3;1;55;0.8;140;3;8;531;18;10;1;1;0
531;1;0.5;1;0;1;12;0.5;121;4;3;2331;18;12;0;1;1
1450;0;2.1;0;1;0;31;0.6;114;5;4;794;11;5;1;1;1
1342;0;2.8;0;1;0;50;0.1;173;1;8;2644;7;2;1;1;2
832;1;0.5;0;5;1;22;0.6;198;1;8;1666;15;4;1;1;1
867;1;1.5;0;0;1;57;0.1;159;4;0;2157;8;6;0;0;1
1404;0;2.1;0;16;0;44;0.9;151;1;20;1196;10;6;0;1;1
840;0;0.9;1;6;0;33;0.7;150;6;7;2072;10;8;1;0;2
1368;0;0.5;0;10;1;42;0.2;91;1;20;1590;12;0;0;0;1
1927;0;0.9;1;3;0;11;0.4;190;8;12;2916;16;11;1;1;3
1714;0;0.5;1;7;0;31;0.4;120;2;10;3707;5;1;0;1;3
1201;1;0.5;0;1;1;10;0.4;198;6;5;726;11;4;1;0;0
1796;1;2.3;0;4;0;44;0.9;184;2;11;3577;17;7;1;0;3
1147;0;0.8;1;11;0;28;0.7;158;6;13;2627;18;3;0;1;2
776;1;1.7;0;0;1;20;1.0;146;4;9;685;15;11;1;1;0
510;0;2.6;0;0;0;33;0.1;110;6;10;1693;6;2;1;0;1
1045;1;1.2;1;3;1;40;0.1;175;6;7;2137;11;8;0;1;2
1497;1;0.9;1;4;1;10;0.1;153;8;20;3696;9;0;0;1;3
1425;1;0.6;0;0;1;33;0.5;89;3;2;3771;10;3;0;1;3
726;0;2.2;0;0;1;40;0.8;94;4;20;1342;16;11;1;1;0
1576;1;2.0;0;0;1;20;0.6;148;3;0;1379;17;1;0;1;1
714;1;2.1;1;5;1;11;0.1;197;3;6;1164;15;12;1;0;1
1595;0;1.9;1;1;0;63;0.9;88;1;20;908;18;13;0;1;1
541;0;1.0;0;0;1;10;0.4;127;4;0;1019;19;9;1;0;1
1617;1;2.6;0;14;0;29;0.9;113;6;20;3685;13;1;0;0;3
1154;0;1.1;1;2;1;5;0.2;98;1;13;1470;12;0;0;0;1
1638;0;1.0;0;6;0;2;0.2;189;1;11;2299;19;9;1;1;2
1150;1;2.7;0;0;0;39;0.4;151;8;1;999;6;2;1;0;0
1254;1;2.3;0;0;1;44;0.2;149;1;10;3011;7;4;1;0;2
1806;1;2.0;1;2;1;54;0.1;117;1;11;3142;13;0;0;1;3
603;0;1.5;0;8;0;12;0.7;114;6;20;1543;7;5;1;0;1
1834;0;2.1;0;7;1;40;0.1;99;4;11;3692;13;0;1;0;3
520;0;2.3;0;0;1;31;0.8;145;6;14;2753;13;7;0;1;1
565;0;0.6;1;1;0;50;0.1;158;2;8;2156;13;6;1;1;1
1689;1;0.5;0;11;0;9;0.5;150;5;15;2637;8;4;0;0;2
742;1;2.3;0;0;0;21;0.7;104;8;1;331;11;8;0;0;0
1143;0;1.2;1;1;1;22;1.0;125;3;6;1214;12;5;1;0;1
761;1;0.5;0;9;0;3;0.8;196;7;15;2248;19;3;1;1;2
959;1;1.3;1;0;0;36;0.4;196;5;14;3073;19;1;1;1;3
772;1;1.2;1;7;1;8;0.6;134;7;8;422;7;6;0;0;0
1015;1;0.8;0;5;0;12;0.5;102;3;14;2293;5;1;1;0;1
1824;1;1.9;1;9;1;2;0.7;103;1;14;3958;12;2;1;0;3
1130;1;0.5;1;1;1;29;0.7;130;1;14;432;6;1;1;1;0
1183;1;0.5;1;3;1;48;0.1;120;8;12;1152;8;3;0;0;0
574;1;2.0;1;0;1;26;0.5;118;6;2;1303;8;4;0;1;0
1472;0;3.0;0;4;1;20;0.3;169;2;6;797;6;1;1;0;0
1868;1;0.5;0;2;1;40;0.9;179;8;17;298;8;2;1;0;0
1375;0;2.9;0;2;0;20;0.4;147;6;7;3847;8;0;0;1;3
881;0;1.0;0;1;0;64;0.5;160;3;6;2110;18;9;1;1;1
1742;1;0.5;1;5;1;43;0.9;176;3;7;1921;9;2;1;0;2
1225;0;0.7;1;6;0;60;0.1;107;2;15;2423;17;11;0;0;2
1970;1;0.5;1;0;1;15;1.0;132;2;0;1658;15;9;1;1;2
1186;1;0.5;1;2;0;21;0.4;160;8;4;2361;17;8;0;0;1
1762;0;0.7;0;7;0;60;0.1;157;4;10;1380;14;5;0;0;1
1731;1;1.4;1;4;1;4;0.5;163;6;18;3892;5;1;1;1;3
852;0;1.8;1;5;1;8;0.8;160;5;9;315;7;6;0;0;0
848;1;1.5;1;4;1;36;0.3;151;4;16;2289;10;2;1;1;1
1575;0;2.5;1;0;1;11;0.2;185;7;20;2182;7;3;1;0;2
1554;0;2.8;1;7;0;23;0.1;105;6;18;2184;13;9;0;1;2
1972;1;1.6;0;0;0;48;0.5;92;8;2;2872;7;2;0;1;3
827;1;0.6;1;9;1;35;0.2;87;6;17;2367;5;3;0;1;1
1063;0;1.5;0;7;0;3;0.9;155;4;10;1919;12;10;1;0;1
1695;0;2.3;1;1;0;34;0.4;84;5;10;3296;17;6;0;0;3
1343;0;2.4;1;5;1;14;0.9;81;8;10;462;18;7;1;1;0
834;0;0.5;0;2;1;27;0.2;123;1;16;1591;11;9;1;0;1
595;0;2.6;0;0;1;20;0.4;122;2;18;1593;19;11;0;1;0
1081;1;1.9;1;13;1;42;0.1;101;7;17;2456;7;4;0;0;1
911;0;1.4;1;3;0;14;0.7;199;4;4;2933;16;3;1;0;3
844;0;2.2;1;1;1;22;0.9;197;7;2;3154;14;11;0;0;3
1335;1;3.0;0;3;0;60;0.8;180;2;4;3615;5;2;0;0;3
1883;0;1.6;0;9;0;24;0.1;87;1;16;3563;17;10;0;0;3
1128;1;0.5;1;6;0;33;0.6;147;8;7;1440;17;15;0;0;1
826;1;2.4;1;14;1;57;0.6;117;2;17;1907;15;14;0;0;1
1650;0;2.3;0;0;1;38;0.7;89;1;1;324;14;10;1;1;0
1162;0;1.0;0;0;0;50;0.5;104;4;10;1404;10;3;1;1;1
1517;0;2.5;0;2;1;8;0.8;169;4;18;2738;18;16;0;0;2
963;0;0.5;0;1;1;60;0.8;156;3;3;2722;12;6;0;0;2
1837;0;1.0;1;5;1;12;0.9;103;8;6;2294;8;7;0;1;3
1028;1;2.8;0;1;1;30;0.1;193;1;10;1424;18;4;0;1;1
1831;1;2.2;1;4;0;55;1.0;189;8;9;1133;14;3;1;0;1
571;1;2.0;1;5;1;58;0.6;101;6;11;555;19;10;0;1;0
1770;1;2.3;0;0;0;9;0.6;183;6;5;3785;13;10;0;1;3
970;1;1.3;1;5;0;59;0.2;84;7;19;3675;12;0;0;0;3
642;1;0.5;0;0;1;38;0.8;86;5;10;435;9;2;1;0;0
622;1;1.9;1;12;0;11;0.8;193;8;14;3183;5;0;1;1;2
600;1;1.8;0;9;1;6;0.8;199;2;15;3495;17;4;1;0;2
1412;0;0.6;0;9;0;57;0.2;86;3;10;1853;15;10;0;1;1
733;0;0.8;0;7;0;16;0.4;138;4;12;2648;12;0;1;0;2
1070;1;3.0;0;9;0;19;0.8;160;7;16;2647;14;13;1;0;2
875;1;0.7;1;1;0;30;0.7;146;8;8;702;19;15;1;1;0
1994;1;0.7;0;5;0;5;0.4;189;2;7;1836;12;11;0;0;2
823;0;1.0;1;9;1;18;0.2;182;5;16;3894;13;10;1;0;3
1908;0;0.5;0;9;1;30;1.0;111;2;19;2944;19;17;0;1;3
790;0;0.5;1;7;1;44;0.1;89;8;8;3424;13;11;1;0;3
1330;1;1.8;1;1;0;40;0.5;177;1;5;2678;9;4;1;1;2
1660;0;0.5;0;2;1;15;0.7;100;8;8;2424;12;5;1;0;2
1776;0;2.2;0;2;0;20;0.9;82;6;16;2671;15;10;1;1;3
1611;0;0.5;1;4;1;27;0.9;199;1;10;3078;15;2;0;1;2
1410;1;0.5;1;0;1;15;0.3;92;3;1;2304;18;4;1;0;2
1772;1;1.6;0;17;1;45;0.5;159;2;18;1146;6;1;1;0;1
1280;1;1.3;0;0;1;39;1.0;108;7;1;2335;6;4;0;1;1
1712;1;0.9;1;2;0;23;1.0;155;7;19;1422;5;0;1;0;1
1562;1;0.7;0;0;0;55;0.1;140;8;1;2096;15;3;0;0;2
891;0;1.9;1;1;1;18;0.1;153;6;3;1303;17;16;1;1;0
1957;0;1.2;1;18;1;36;0.8;151;2;19;1115;16;2;0;1;1
1110;0;0.6;0;1;0;42;0.9;192;5;2;456;12;8;1;0;0
875;1;1.4;1;1;1;43;0.6;104;8;3;3396;14;2;0;0;3
1211;1;1.2;0;0;0;28;0.3;130;2;3;2750;6;1;1;0;2
769;0;0.5;1;12;1;54;0.2;112;4;19;941;15;8;0;1;0
671;0;2.9;0;7;1;2;0.1;95;6;19;2278;13;4;0;0;2
1872;0;0.5;0;5;1;26;0.5;172;4;10;2273;8;4;0;1;2
1076;0;2.3;1;0;1;14;0.7;191;5;0;2355;17;16;1;1;2
1325;0;1.9;0;2;0;50;0.1;146;1;10;2328;17;10;0;0;2
911;1;2.2;1;1;1;28;0.5;182;2;2;2638;8;4;1;1;1
1273;1;0.7;0;1;0;23;0.6;178;6;14;558;8;5;0;0;0
1062;0;0.5;0;3;1;39;0.9;124;4;4;1345;16;0;0;1;0
1317;0;1.5;0;6;0;12;0.1;154;2;9;425;7;0;1;1;0
940;0;2.9;0;0;0;16;0.7;115;4;1;2192;15;13;1;1;1
729;1;2.0;0;0;0;14;0.6;135;6;2;3397;19;15;0;1;2
1494;0;2.4;0;6;1;3;0.9;93;7;17;1208;14;13;1;0;1
1546;1;1.6;1;2;1;27;0.7;124;2;6;267;12;10;1;0;0
1253;0;0.7;0;0;1;34;0.9;113;4;10;3518;7;3;1;1;3
895;0;0.5;1;6;0;16;0.3;164;8;14;3122;7;0;0;1;2
793;1;1.9;1;0;1;43;0.3;124;8;2;1050;11;9;1;1;0
1628;1;1.8;1;11;0;56;0.1;136;2;13;3358;17;11;1;1;3
625;0;2.7;1;2;0;42;0.8;138;8;3;2929;10;4;0;0;2
1110;0;1.5;0;2;1;12;0.3;153;8;5;624;9;7;0;0;0
999;0;1.7;0;6;0;49;0.6;132;1;17;1598;7;0;1;0;1
1856;0;0.5;1;0;1;24;0.1;155;5;1;2052;17;6;1;0;2
1715;0;2.6;1;9;1;15;0.6;120;6;20;1249;16;2;1;0;1
1897;1;1.9;0;2;1;54;0.3;154;2;7;412;17;11;0;0;0
1202;1;2.4;1;0;0;19;0.1;122;2;1;595;19;0;0;0;0
1171;1;1.7;1;2;0;19;0.3;167;7;19;263;6;5;0;0;0
964;0;2.0;0;0;1;22;0.7;86;8;0;2577;17;16;1;0;2
1973;1;2.4;1;6;0;46;0.1;193;4;10;639;6;0;0;1;0
1992;1;0.6;1;11;0;2;0.1;141;1;14;3206;10;9;1;0;3
546;1;2.6;1;5;0;26;1.0;159;5;15;1550;7;2;1;0;1
1093;0;0.5;0;1;1;31;0.6;171;2;12;1646;12;0;1;0;1
1880;1;2.0;0;11;0;35;0.1;200;4;14;1930;17;7;1;0;2
1765;0;1.1;0;3;0;11;0.7;87;2;7;3695;6;5;0;0;3
1640;0;0.5;1;1;1;36;0.9;87;8;11;3235;6;1;0;1;3
1830;0;0.5;0;0;0;7;0.9;191;6;12;2334;8;7;1;0;2
826;0;0.6;0;3;0;62;0.7;187;4;19;1998;17;4;0;0;1
1864;0;2.2;0;0;1;7;0.1;142;1;2;2258;10;1;0;0;2
586;1;0.6;0;16;1;42;0.3;121;7;17;1869;12;2;1;1;1
1206;0;3.0;1;10;1;30;0.6;127;3;13;1825;7;1;0;1;2
832;1;0.5;1;1;1;5;0.1;165;5;2;3946;12;5;1;1;3
848;1;2.8;0;1;0;8;0.1;103;7;3;436;10;6;1;1;0
1851;0;2.9;0;0;0;53;0.7;112;6;2;2678;6;0;0;0;2
1166;1;0.5;0;7;0;59;0.5;80;1;11;3887;8;6;0;1;3
1776;1;2.1;1;10;0;35;0.1;172;4;16;1813;16;13;1;1;1
1254;1;1.2;0;2;1;27;0.2;134;2;10;817;14;1;1;1;0
1494;0;1.6;1;4;1;24;0.2;101;1;17;3614;15;12;0;0;3
984;1;2.2;1;0;1;39;0.5;119;8;18;2013;11;7;1;0;1
1179;1;0.8;0;1;0;5;0.9;154;5;17;543;8;7;0;1;0
513;0;1.9;0;8;0;27;0.4;174;8;13;3400;16;6;1;1;2
557;0;0.5;1;3;0;17;0.2;89;6;4;2623;17;16;0;0;1
744;0;1.7;1;0;1;33;0.5;105;4;2;2700;9;3;0;0;2
1129;1;0.8;1;9;1;21;0.6;116;2;10;1400;11;0;1;0;1
1148;0;2.3;1;0;1;58;0.3;170;5;20;3127;10;7;0;0;2
1793;0;2.7;0;12;1;44;0.7;175;5;17;2803;19;9;1;1;3
1310;0;2.3;1;3;0;15;0.2;150;5;11;2518;18;17;1;1;2
1604;0;1.2;0;1;0;6;0.5;191;6;15;3564;7;2;1;0;3
1676;0;1.6;0;2;0;37;0.2;145;1;3;2515;14;8;0;1;2
1001;0;2.8;1;1;0;40;0.2;117;3;7;3654;13;9;1;1;3
1086;0;2.7;0;0;1;24;0.1;135;8;19;3930;17;1;1;1;3
1986;1;0.5;1;7;1;39;0.1;89;7;19;3476;11;8;1;0;3
634;1;0.8;0;5;0;41;0.2;192;1;12;3242;18;11;0;1;3
502;0;0.8;0;7;0;52;1.0;82;6;8;2666;5;4;1;0;2
1641;0;1.1;0;6;0;48;0.7;97;8;7;1695;13;6;0;1;2
623;0;1.4;1;0;1;15;0.2;189;3;1;3510;14;4;0;1;2
962;1;1.1;1;3;0;17;0.1;161;8;20;3438;14;3;0;0;3
1057;1;2.7;0;3;1;41;0.1;97;4;10;2033;16;9;1;0;1
1862;0;1.5;0;1;0;62;1.0;182;1;2;1017;11;3;0;0;1
555;1;3.0;1;5;1;38;0.8;193;2;10;1686;8;1;0;1;1
1000;0;2.7;0;1;1;58;1.0;135;5;12;862;7;0;0;0;0
841;0;0.5;0;6;1;11;0.3;81;5;14;957;6;5;1;0;0
865;0;2.9;0;5;0;16;0.1;89;4;12;3494;13;3;0;1;3
999;0;2.6;1;11;1;56;1.0;165;4;13;3083;8;4;1;1;2
1232;0;1.2;0;12;0;30;0.9;131;6;14;1656;8;4;1;1;1
1194;0;2.3;0;6;1;34;0.2;165;2;12;313;15;1;1;0;0
612;1;0.5;1;1;1;20;0.8;179;8;6;3282;16;2;1;1;3
1362;1;2.9;0;0;0;47;0.5;186;6;4;3629;19;17;1;1;3
1469;0;1.7;1;11;1;44;0.5;169;2;14;1687;15;5;1;1;1
986;1;0.8;0;13;1;28;0.8;182;4;20;1149;8;7;1;0;0
1843;0;2.8;0;1;1;62;0.8;104;3;7;3899;5;4;0;1;3
1561;0;0.5;1;10;1;4;0.5;134;2;13;1783;13;12;1;0;2
1695;1;0.5;1;2;1;47;0.5;189;5;13;1629;8;6;1;0;1
667;0;2.6;1;3;0;8;0.8;185;1;7;2528;11;8;1;0;2
1768;1;2.0;0;0;1;2;0.8;88;7;2;3256;9;6;1;0;3
1269;1;2.8;1;16;0;41;1.0;180;8;17;2341;10;9;0;1;2
1109;1;2.8;1;6;0;57;0.9;151;1;12;2785;15;10;0;0;2
936;0;0.5;1;14;1;14;0.1;164;3;17;3761;13;1;0;0;3
1713;1;2.0;0;9;1;5;0.7;199;6;16;1513;15;6;0;1;1
1175;1;1.7;1;1;1;45;0.6;167;2;7;2240;10;6;1;0;1
1940;1;1.0;1;0;1;5;0.2;194;4;1;820;19;18;1;1;1
855;1;0.5;0;2;1;59;0.5;159;2;3;1875;16;8;1;1;1
771;1;0.5;1;0;1;33;0.1;157;3;17;920;16;2;1;1;0
645;0;2.5;0;10;1;63;1.0;174;4;14;3615;18;8;0;1;2
1307;0;1.8;0;2;0;7;0.6;88;7;3;1412;16;9;0;1;1
1948;0;2.9;1;4;0;5;0.2;136;1;13;361;6;1;1;0;0
1509;0;0.6;1;5;0;50;0.3;81;4;8;1540;12;8;1;0;1
626;1;2.8;1;3;1;11;0.8;109;2;9;1077;6;1;0;1;0
1190;0;2.0;1;0;0;40;0.2;93;5;1;3610;13;7;0;1;3
1727;1;2.1;1;10;0;57;0.3;158;6;18;512;5;2;0;0;0
1670;1;3.0;0;14;0;62;0.5;114;8;20;3024;6;0;0;1;3
1150;1;0.5;1;4;1;27;1.0;134;1;17;1610;11;0;0;0;1
1208;0;2.9;0;5;1;16;1.0;175;1;19;2201;17;16;0;0;1
1812;1;1.3;1;4;1;42;1.0;162;7;15;3338;18;13;1;1;3
770;1;1.5;1;6;0;61;0.2;196;4;9;3473;7;3;0;1;3
1559;1;1.3;1;10;1;10;0.3;114;8;17;2203;7;5;1;1;1
1902;0;0.5;0;10;0;13;0.2;155;4;11;940;14;10;1;0;1
1751;0;2.5;0;1;0;4;0.6;146;8;9;1155;19;14;1;1;1
1416;1;1.8;1;0;0;20;0.1;93;4;0;3872;10;2;0;1;3
1288;0;0.5;1;3;1;61;0.2;115;6;6;1882;16;6;0;1;2
1003;1;2.9;0;16;1;16;0.6;119;8;19;1798;16;7;0;0;1
1715;1;0.5;1;1;1;18;0.1;96;6;3;2598;17;2;0;0;3
1967;0;0.5;0;0;1;46;0.6;199;1;7;1567;15;2;1;0;1
962;0;1.0;1;14;0;2;0.9;125;1;20;1491;16;2;0;0;1
1487;0;1.5;0;5;1;42;0.8;120;2;7;2003;12;4;0;0;2
1569;1;1.6;1;4;1;54;0.9;190;4;6;3905;6;2;0;0;3
1146;0;3.0;0;5;1;57;0.4;111;5;10;291;19;9;1;1;0
1379;1;1.5;0;6;1;9;0.8;118;8;13;1693;11;4;0;1;1
1504;0;1.9;1;7;1;25;0.3;152;4;9;1788;13;11;0;1;1
1945;0;1.2;0;3;0;26;0.7;112;6;5;3322;18;7;0;1;3
1630;1;2.8;1;0;1;32;0.9;80;6;1;1751;12;10;0;1;2
1125;1;2.7;0;10;0;23;0.4;117;1;14;1641;14;8;1;0;1
614;1;0.7;0;4;1;51;0.1;178;7;7;2854;10;7;0;1;2
854;0;1.0;0;5;1;17;0.9;101;4;9;3115;7;0;0;0;2
1470;1;1.7;1;6;0;45;0.1;121;1;9;3259;10;1;0;1;3
1826;1;0.5;1;5;1;49;0.6;172;8;6;1612;17;9;1;0;2
807;1;0.5;1;0;0;37;0.2;127;4;0;2319;5;4;0;0;1
1996;1;2.8;1;0;1;7;0.1;138;5;4;1258;17;14;0;0;1
1083;1;2.0;0;3;0;41;0.7;158;5;5;1543;18;3;0;1;1
1035;0;0.5;1;14;1;49;0.3;178;2;15;3991;12;4;0;0;3
1521;1;1.6;0;5;1;62;0.3;143;1;9;3555;5;2;0;0;3
1314;1;2.8;1;13;1;5;1.0;87;4;18;3411;17;16;0;0;3
535;0;1.9;0;5;0;24;0.2;190;8;19;524;9;3;0;0;0
673;1;1.9;0;13;1;35;0.4;142;6;14;3541;18;17;0;1;3
1219;0;1.6;1;5;0;4;0.3;169;6;7;1998;9;2;0;0;2
1606;1;0.5;1;0;1;33;0.9;200;5;0;3437;11;1;0;0;3
1603;1;0.5;1;1;1;17;0.5;114;2;8;1637;17;3;0;1;1
1958;0;0.5;0;6;1;52;0.4;153;1;14;3064;7;6;0;0;3
695;0;0.5;0;18;1;12;0.6;196;2;19;2855;16;13;1;1;2
1441;0;0.6;1;0;1;53;0.5;106;1;12;1393;9;4;1;1;1
1470;0;2.2;1;4;1;33;0.4;138;7;10;1633;18;4;0;0;2
1890;0;1.1;0;4;1;48;0.5;127;4;5;2392;10;4;0;1;3
1152;1;2.1;1;0;1;26;0.3;82;2;0;3284;15;2;0;1;3
1619;1;0.9;0;3;0;20;0.9;117;6;9;464;7;5;0;1;0
1002;1;1.8;0;1;0;45;0.7;180;7;7;1234;19;13;1;0;0
742;1;0.5;0;0;1;36;0.7;139;3;1;292;8;0;1;1;0
1306;1;2.1;1;2;1;33;0.4;174;3;9;2521;6;5;0;0;2
1424;1;2.9;1;0;0;20;0.6;180;5;0;2658;15;0;0;0;2
942;0;1.4;1;8;0;27;0.5;91;4;9;587;6;3;1;1;0
1934;1;2.7;0;8;1;2;0.1;118;4;16;2190;18;1;0;1;2
1290;1;1.4;1;19;1;35;0.3;110;4;20;879;16;2;0;0;0
930;0;2.1;1;0;0;54;0.9;80;1;13;1743;7;1;1;0;2
1699;1;0.5;0;16;0;21;0.1;156;4;20;1181;16;0;1;0;1
1849;1;0.5;0;1;0;29;0.5;181;7;12;3330;14;4;0;1;3
1922;0;0.5;0;15;1;42;0.6;153;8;16;3564;12;1;0;0;3
548;0;1.0;1;0;1;56;0.4;146;4;14;562;17;14;1;1;0
916;1;0.5;0;0;1;47;0.2;82;4;1;1659;11;10;1;0;1
1783;1;0.5;0;8;0;14;0.6;183;8;11;1816;12;7;0;1;2
1083;1;1.4;1;2;1;49;0.8;156;5;9;1338;16;8;1;1;0
1698;0;2.8;0;10;1;7;0.8;131;8;12;2992;15;3;1;0;2
1969;0;0.8;1;5;1;7;0.2;85;8;20;315;16;7;1;0;0
869;0;1.9;0;0;0;2;0.6;197;7;3;3249;19;0;0;1;2
1337;1;2.7;1;0;0;5;0.7;200;4;1;3242;10;1;1;0;2
637;1;0.8;1;2;0;28;0.6;194;4;6;2725;15;10;0;0;2
833;1;0.6;1;0;1;27;0.3;145;4;2;586;19;8;0;1;0
1248;0;2.4;0;6;1;9;0.4;89;3;8;2454;9;8;1;0;2
1174;1;0.9;0;7;0;30;1.0;147;4;20;804;17;14;1;1;0
1831;1;2.3;0;3;1;44;0.2;148;7;14;2460;10;5;0;0;2
1002;0;2.6;1;7;0;27;0.1;146;1;10;1295;18;15;0;1;0
1010;1;2.0;1;2;1;8;0.9;139;5;3;2625;15;11;1;0;2
1117;1;0.5;1;2;0;21;0.1;177;2;19;1999;15;9;0;1;1
990;1;2.7;1;3;0;15;0.9;153;2;7;2698;11;8;0;0;2
1564;0;1.4;0;5;1;26;0.1;129;6;16;3742;13;3;1;0;3
1065;0;2.8;1;0;1;21;0.1;158;5;3;1193;16;13;0;1;1
1982;0;1.1;0;12;0;24;0.1;129;7;16;3511;16;14;1;1;3
1607;0;1.1;1;6;1;20;1.0;192;2;8;885;11;1;1;0;0
1066;0;3.0;1;6;1;5;0.5;167;5;7;1044;8;7;0;0;0
681;0;0.5;1;12;1;17;0.9;194;5;19;2548;6;1;0;1;2
1163;1;2.1;1;0;1;19;0.9;132;2;1;2940;13;0;0;1;2
1285;0;0.8;1;4;1;11;0.8;199;5;7;3966;17;15;1;1;3
753;1;0.5;0;11;1;48;0.1;121;8;20;3484;11;10;0;0;3
1779;1;2.6;1;2;0;5;0.8;90;1;3;1246;12;2;1;0;1
987;1;1.9;0;4;1;52;0.5;83;3;8;2757;17;12;1;0;2
511;0;0.9;1;15;1;24;0.6;136;3;18;2378;18;3;0;0;1
1044;0;1.8;0;4;1;12;0.7;104;6;5;1794;18;7;1;1;1
1855;0;0.5;0;5;0;32;0.6;187;8;18;3933;7;0;0;1;3
946;1;1.4;0;9;0;26;0.1;186;6;10;1637;7;3;0;1;0
657;1;1.9;1;2;0;21;0.1;110;8;8;783;6;1;1;0;0
1673;1;1.6;0;2;0;42;0.5;182;5;6;3094;12;4;0;0;2
731;1;0.5;1;0;1;28;0.5;130;8;0;1774;12;8;0;0;1
926;1;0.8;0;6;1;59;0.8;161;7;14;256;18;7;0;1;0
1261;0;0.5;0;3;1;52;0.3;86;2;9;1365;9;3;0;1;1
618;0;1.1;0;11;1;45;0.2;188;3;20;2339;19;2;1;0;2
936;1;2.3;0;5;1;57;0.2;129;2;6;2049;12;8;1;0;1
1485;1;0.9;1;0;1;28;0.8;158;5;1;3241;14;11;1;0;3
1339;1;0.5;1;10;1;21;0.5;80;4;11;867;8;3;1;0;0
508;1;1.3;0;1;0;50;0.7;82;5;9;2175;14;4;0;1;1
1938;1;0.5;1;5;0;44;0.5;121;2;9;3497;18;10;1;0;3
995;0;1.3;1;1;0;10;0.1;104;4;3;609;11;3;0;1;0
1086;1;1.7;1;0;1;43;0.2;111;6;1;3285;11;5;1;0;2
1322;0;2.3;1;1;1;35;0.1;157;1;3;3684;15;8;0;0;3
1864;0;1.9;1;2;0;57;0.1;181;6;6;3586;19;9;0;1;3
1944;1;0.5;0;1;1;26;0.5;92;4;9;2322;19;8;0;1;2
581;0;0.6;0;5;1;56;0.2;180;2;10;354;10;4;1;1;0
1020;1;0.7;1;3;1;27;0.7;128;4;4;3204;18;1;0;1;3
1936;0;1.3;0;2;0;44;0.1;139;3;3;1400;17;7;0;1;1
1329;1;1.7;0;5;1;23;0.6;198;8;6;2308;11;10;1;0;1
808;1;0.5;1;3;0;46;0.5;105;8;15;1082;15;5;0;1;0
994;0;1.2;1;4;0;40;0.9;164;2;17;3104;17;7;0;0;2
1811;1;2.0;0;3;1;22;0.2;82;2;8;2847;9;2;0;1;2
765;1;2.5;0;3;0;44;0.3;88;8;11;2256;6;1;1;1;2
993;1;2.3;1;0;0;16;0.4;106;7;13;1113;14;1;0;1;0
1136;1;1.6;0;15;0;32;0.5;150;6;19;3210;10;3;1;1;3
719;1;0.5;1;0;1;23;0.4;113;6;9;3990;14;9;1;1;3
733;1;0.6;1;0;0;63;0.3;105;7;10;984;17;4;0;1;0
1946;0;2.7;1;8;0;8;0.3;123;8;19;3117;6;0;0;0;3
1230;1;1.6;0;0;1;48;0.7;111;7;2;1622;18;17;1;1;2
1577;0;1.0;1;0;1;64;0.1;105;3;7;2967;7;3;1;1;3
1514;1;1.4;0;3;1;12;0.6;138;3;4;1037;15;3;0;1;0
579;1;2.5;0;3;0;7;1.0;89;8;10;2908;12;4;0;1;2
574;1;3.0;0;1;1;30;0.9;126;2;3;1167;5;3;0;0;0
1072;1;2.2;1;6;0;19;0.4;114;8;16;2715;15;9;1;0;2
843;0;1.3;1;1;0;16;0.9;119;7;4;1734;17;8;0;1;1
1492;1;1.5;0;5;0;11;0.9;85;3;7;2259;14;12;1;1;3
1807;1;2.9;0;0;0;16;0.2;125;3;0;2921;8;5;1;0;3
909;1;0.7;1;7;0;47;0.1;146;3;9;1244;14;10;1;0;0
1876;0;1.3;1;9;1;64;1.0;98;3;19;3132;17;0;1;1;3
1436;1;2.4;1;3;1;23;0.3;106;5;4;2488;8;4;0;0;2
1251;0;0.5;1;10;1;29;0.7;133;6;16;1052;11;9;0;0;0
636;0;0.5;0;8;1;28;0.9;152;2;15;2927;15;6;0;0;2
1354;1;0.7;1;3;1;26;0.5;136;4;6;2090;5;1;1;0;1
930;1;0.5;1;3;1;34;0.5;190;4;16;2131;7;2;0;1;2
1830;1;1.0;0;7;1;47;0.3;117;1;11;3362;13;10;0;0;3
1424;0;0.5;1;16;1;23;0.6;80;4;18;1053;14;11;1;1;1
583;1;0.9;1;1;0;51;0.9;88;8;2;1799;16;9;1;0;1
648;1;0.5;1;9;1;54;0.4;109;5;20;3124;5;0;0;0;3
1203;1;0.5;1;0;1;11;0.9;109;2;12;1672;17;13;1;0;0
1777;0;2.2;1;0;0;15;0.2;100;4;7;1552;10;8;1;0;1
1299;1;2.8;1;0;0;64;0.5;83;6;6;1938;19;8;0;1;1
1494;0;1.9;0;2;1;47;0.4;129;2;9;3202;13;1;0;0;3
527;0;0.7;1;4;0;53;0.9;128;1;11;1302;13;7;0;0;0
793;1;2.8;1;1;1;64;0.4;179;4;2;2296;12;0;1;0;1
873;1;0.5;1;6;0;8;0.6;152;7;9;575;15;8;0;1;0
722;0;1.1;0;12;0;12;1.0;93;6;20;2359;13;6;0;0;1
1250;1;1.5;0;14;1;20;0.4;167;5;18;3314;6;5;1;1;2
1358;0;1.7;0;0;0;60;0.6;147;3;1;440;14;10;0;0;0
1035;1;1.9;1;8;0;11;1.0;173;6;10;2002;17;8;1;0;1
1289;0;0.8;1;3;1;16;0.9;161;6;17;3167;14;8;1;0;3
1445;0;2.2;1;2;0;37;0.4;82;2;6;3480;17;16;1;1;3
1702;1;2.3;1;12;1;47;0.6;107;2;19;595;10;0;0;1;1
534;0;0.5;1;4;0;2;0.2;85;5;16;2466;5;3;1;1;2
628;1;1.8;0;5;0;60;0.2;87;6;6;1337;12;7;1;0;1
713;0;1.4;1;4;0;53;0.8;98;1;17;1462;19;18;0;1;0
1207;0;0.5;0;0;0;58;0.3;112;8;0;503;7;3;1;0;0
683;1;2.1;0;7;0;30;0.1;197;7;8;2066;9;0;0;0;1
594;1;2.6;0;1;0;27;0.1;196;5;2;708;17;5;1;1;0
537;1;2.0;0;1;1;55;0.3;103;7;2;2029;10;5;1;1;1
1565;1;0.5;0;0;0;38;0.1;121;5;1;308;19;17;1;1;0
1052;0;0.9;0;1;0;6;0.8;195;4;16;552;6;1;0;1;0
713;0;1.6;0;4;1;63;0.7;89;2;8;2082;15;10;0;0;1
1766;1;0.5;1;1;0;16;0.6;141;5;7;3314;9;7;0;1;3
584;1;1.7;1;1;1;19;0.4;199;4;4;3996;12;9;1;1;3
1541;1;1.5;1;6;1;5;0.5;109;4;10;1795;7;3;1;1;1
837;0;2.4;1;1;0;51;0.2;104;5;15;594;16;6;0;1;0
935;1;0.5;1;3;1;58;0.1;155;5;12;2473;10;4;0;1;2
665;1;0.7;0;0;1;31;0.1;185;5;2;690;5;2;0;0;0
680;1;2.4;0;13;1;34;0.4;157;2;17;3845;15;1;1;1;3
877;0;1.5;1;0;1;17;0.1;195;7;0;2004;11;8;1;1;1
1493;0;1.5;1;13;0;53;0.5;102;5;16;2083;19;15;1;1;2
1762;0;0.6;0;3;1;26;0.1;83;6;14;2661;9;7;1;0;2
842;1;1.8;1;4;0;57;1.0;124;3;10;1903;8;4;1;0;1
925;1;2.1;0;9;0;56;0.2;196;1;14;2466;8;0;0;0;2
1692;0;2.1;0;4;1;2;0.9;106;1;17;3779;9;3;1;1;3
1576;1;2.2;0;8;0;5;0.7;139;3;17;3904;5;1;1;1;3
1065;0;1.7;1;4;1;48;0.3;162;6;8;265;8;0;0;0;0
958;1;1.6;0;9;1;60;0.4;200;1;12;1417;10;4;0;1;0
623;1;0.8;0;6;1;26;0.3;197;7;12;1769;10;1;0;0;1
897;0;1.4;1;1;0;17;0.4;171;1;2;2948;12;3;0;1;2
1110;0;1.5;0;4;1;41;0.1;152;3;16;2572;16;5;0;1;2
616;1;2.2;0;3;1;21;0.8;150;7;4;3267;17;9;0;0;2
1680;1;1.2;1;6;1;37;0.7;168;4;7;1459;15;3;1;0;1
1715;0;1.3;0;0;1;12;0.3;94;8;6;1633;15;10;1;1;2
983;0;0.6;1;0;1;45;0.1;130;4;11;2052;5;3;0;1;1
720;1;0.9;1;12;1;14;0.8;165;4;14;1086;14;7;1;0;0
1660;0;0.6;0;2;1;24;0.8;169;2;3;2402;12;10;1;1;2
1564;0;1.5;1;1;0;42;0.7;108;2;2;3376;7;0;1;0;3
592;0;0.8;1;1;0;52;0.9;103;7;10;1507;5;0;0;1;0
969;0;1.8;1;2;1;44;0.6;158;3;7;641;9;1;0;1;0
1356;1;0.5;1;0;0;35;0.8;131;1;19;3451;5;2;1;1;3
504;1;1.0;0;8;0;14;0.5;189;7;9;1607;15;0;1;1;0
1546;1;0.5;1;3;1;6;0.2;101;1;4;3521;15;11;0;0;3
689;0;2.9;1;3;1;7;0.8;147;2;6;1241;9;0;0;0;0
1685;0;0.6;0;14;0;16;0.6;137;7;15;881;6;3;1;1;0
1792;1;1.0;0;3;1;62;0.3;170;7;8;2563;18;14;0;1;3
1786;0;1.2;0;11;0;61;0.1;123;3;14;3033;14;11;1;0;3
1944;0;0.6;1;9;1;59;0.2;132;7;10;769;19;13;0;1;0
1077;1;2.5;0;13;1;49;0.6;131;4;14;3454;17;11;0;1;3
648;1;1.8;0;1;1;60;0.1;195;4;4;819;10;3;0;0;0
1702;1;0.5;1;8;0;2;0.6;185;6;19;435;12;9;1;1;0
1571;0;2.9;0;1;0;30;0.9;150;7;3;586;10;9;1;1;0
856;1;1.1;1;14;1;19;0.7;125;6;19;650;17;0;0;1;0
1786;0;2.6;0;6;0;14;1.0;115;4;15;3038;18;0;0;0;3
914;1;0.7;0;1;1;60;0.9;198;5;4;3736;14;8;0;0;3
1615;1;2.8;0;3;0;9;0.9;117;1;13;2948;8;3;1;0;2
649;1;1.4;0;4;1;19;0.8;190;7;12;739;18;1;1;0;0
1646;0;2.5;0;3;1;25;0.6;200;2;5;686;8;6;1;0;0
1189;1;1.9;0;5;0;7;0.5;164;2;20;841;13;10;1;0;0
1043;0;2.7;0;3;0;29;0.2;83;8;17;1183;5;3;0;0;0
1920;0;0.6;1;3;1;19;0.5;131;3;8;3943;13;0;1;0;3
1220;1;2.8;0;1;0;54;0.7;109;7;20;1037;6;4;0;0;0
1748;1;0.5;1;11;1;53;0.5;114;4;20;2633;16;0;0;0;2
907;1;2.6;1;7;0;44;0.2;160;3;12;3911;13;6;0;0;3
1193;1;2.3;0;7;0;20;1.0;158;7;13;1958;7;5;0;0;2
1766;1;0.5;1;1;1;22;0.8;122;8;4;3297;7;5;0;0;3
1278;1;1.0;0;7;1;24;0.8;170;3;16;3141;6;2;1;1;3
1234;0;1.7;1;8;0;17;0.9;174;6;15;3351;12;9;0;1;2
1961;1;1.5;0;10;0;55;0.5;100;7;20;2355;14;7;1;1;3
1745;0;2.9;0;0;1;3;0.9;105;3;0;1308;5;0;1;0;1
1442;0;0.6;1;1;0;27;0.4;127;5;8;991;14;8;0;0;0
1083;1;2.9;1;1;1;39;1.0;173;8;2;3248;8;6;0;1;2
868;1;0.9;0;5;0;5;0.4;137;4;7;1519;13;0;0;1;0
864;0;1.6;1;0;1;53;0.3;88;6;1;493;18;9;1;0;0
1142;1;1.2;0;0;0;2;0.6;114;6;0;1747;7;0;1;0;1
608;1;0.5;1;0;0;64;0.9;94;4;0;2517;16;8;1;1;1
983;0;1.8;0;0;1;53;0.9;187;1;4;1389;17;8;1;1;1
1720;0;1.6;0;18;1;2;0.8;188;5;20;2522;10;5;0;1;2
1802;1;1.2;1;8;0;27;0.5;116;5;16;1885;10;9;1;0;2
591;0;2.1;1;18;1;16;0.5;196;7;20;704;14;5;1;1;0
1205;1;2.7;0;5;0;10;0.1;163;6;10;953;18;11;1;1;0
1369;1;1.7;1;3;0;28;0.6;108;1;18;3206;16;15;0;0;3
713;0;0.9;1;0;0;42;0.1;94;1;14;928;12;10;0;1;0
1082;0;2.3;1;11;0;2;1.0;101;4;20;2177;12;2;1;0;1
1719;1;2.1;1;0;0;52;0.1;187;3;1;2610;10;1;1;1;2
1544;0;2.4;0;18;1;12;0.1;186;7;20;489;9;4;0;1;0
1090;1;2.3;0;1;1;8;0.6;128;8;8;3839;17;3;0;1;3
1991;0;2.8;0;3;1;15;0.1;181;1;13;1861;8;5;1;1;1
1367;0;2.9;0;4;0;56;0.8;176;2;6;299;6;2;1;0;0
1179;1;0.5;0;7;1;32;0.3;182;2;12;340;16;5;0;0;0
721;1;2.7;1;1;1;15;0.2;102;5;18;3606;10;0;1;1;3
1549;1;1.8;1;0;0;62;0.7;91;4;4;799;7;3;0;1;0
1349;1;2.1;1;3;0;46;0.9;134;6;12;2367;11;7;0;1;1
1799;0;1.0;0;1;1;30;0.6;123;3;9;445;10;8;1;0;0
1075;0;0.5;1;2;0;11;0.2;122;1;16;3927;8;3;0;0;3
684;1;0.9;1;3;1;63;1.0;157;5;9;3756;17;5;1;1;3
1837;0;0.5;0;9;0;36;0.9;162;4;20;770;14;1;0;1;0
1619;1;1.9;0;2;1;21;0.4;138;1;9;1641;7;2;0;0;1
965;1;1.4;0;1;0;13;0.9;197;8;2;2343;17;12;0;0;2
730;0;1.5;0;9;0;9;0.7;122;4;15;2787;10;8;0;1;2
1361;1;1.4;0;1;0;47;1.0;169;5;2;2495;8;7;0;1;2
1494;0;1.6;0;3;1;45;0.8;158;5;4;3208;11;9;0;0;3
1027;1;0.8;0;7;0;18;1.0;146;7;11;1234;7;4;0;1;0
1807;0;0.8;1;0;1;38;0.2;97;8;0;1069;7;6;0;0;1
709;0;2.4;1;1;0;11;0.1;130;5;11;3568;16;14;0;1;3
689;0;1.4;0;2;0;45;0.5;103;5;11;3585;10;1;0;0;3
955;1;0.5;0;2;0;2;0.6;155;4;10;1974;14;1;1;0;1
1872;1;1.9;0;5;0;35;0.6;111;3;14;2419;15;5;0;0;3
1259;0;1.2;1;0;0;13;0.5;97;2;0;340;17;13;0;1;0
695;0;1.2;0;1;1;41;0.4;169;8;8;2282;5;2;1;0;1
1969;0;1.2;1;9;0;63;0.2;132;4;11;298;10;1;1;0;0
759;0;2.5;0;3;1;39;0.3;162;2;8;968;6;2;0;0;0
936;0;1.0;0;1;0;18;0.2;153;3;18;2391;12;6;1;1;2
1176;1;2.1;0;2;1;62;0.5;168;2;10;1534;6;2;0;0;1
1802;0;2.7;1;0;1;10;0.6;101;7;9;696;14;7;1;0;0
772;0;1.0;1;0;1;23;0.6;97;7;11;2782;7;0;0;0;2
1318;1;2.4;0;1;1;45;0.1;136;2;7;755;18;3;0;1;0
591;1;0.5;1;1;1;16;0.9;90;6;17;3746;5;0;1;0;3
569;1;2.5;1;0;0;41;0.3;124;1;1;2651;17;7;0;0;1
764;0;1.0;1;9;1;45;0.5;124;8;11;1341;19;1;0;0;0
1056;1;2.1;1;8;1;37;0.7;101;3;11;2651;15;5;1;1;2
1982;1;1.6;0;2;1;12;0.2;80;5;20;1824;13;3;1;1;1
1830;1;0.5;0;5;0;14;0.8;160;6;6;1905;16;3;1;1;2
1122;0;0.5;0;0;1;40;0.3;156;7;14;1456;9;3;1;0;1
1023;1;0.7;0;2;1;63;0.7;153;7;8;3155;11;10;1;1;3
1283;1;2.4;1;8;1;33;1.0;93;3;15;773;17;7;1;0;0
1602;0;1.6;1;0;1;35;0.1;99;7;7;1829;18;17;0;0;2
732;1;1.3;0;5;1;32;0.4;163;8;7;3883;12;2;0;1;3
1854;0;0.9;1;0;1;33;0.4;195;1;0;1675;14;12;0;1;1
718;1;1.6;1;1;1;30;0.4;93;3;12;1601;10;9;1;1;1
897;1;2.0;0;3;1;2;0.6;154;8;10;1958;7;5;1;0;1
1405;0;1.7;0;0;0;8;0.3;107;4;7;2376;19;6;1;0;2
798;0;0.6;1;6;1;21;0.5;110;2;12;1647;12;2;0;0;1
1035;1;2.7;0;1;0;40;0.2;157;5;15;3548;14;4;1;1;3
1396;1;0.6;0;0;0;37;0.7;134;4;15;2694;18;3;0;1;2
1749;1;0.5;1;7;1;49;0.8;178;1;8;2195;5;4;0;1;2
1588;1;2.5;0;12;1;4;0.3;148;5;20;2506;5;3;0;0;2
1600;0;0.5;0;1;1;16;0.3;94;4;16;2073;9;5;1;0;2
1522;0;2.2;0;4;0;21;0.7;162;6;11;3767;15;9;0;1;3
1279;1;2.5;0;5;1;7;0.5;105;6;6;1150;7;2;0;0;1
719;0;2.9;0;7;0;6;0.7;102;6;8;841;9;1;0;0;0
544;1;0.5;1;2;1;7;0.2;129;5;15;1675;13;4;1;0;0
1007;1;2.9;1;5;1;21;0.8;185;8;12;1301;8;6;1;0;0
590;1;1.2;1;0;0;32;0.4;141;6;1;1817;10;0;1;0;0
1788;0;0.5;0;0;1;6;0.2;141;6;16;2321;7;5;1;0;2
748;0;1.4;0;0;0;25;1.0;110;7;14;1974;17;5;1;1;1
757;1;0.9;1;4;0;64;0.5;157;7;5;3433;6;5;1;0;2
1561;1;1.6;1;1;1;27;0.8;174;3;10;1205;12;7;1;0;1
1327;0;2.8;0;10;0;23;0.5;89;7;16;872;7;5;1;1;0
797;1;1.5;1;4;0;18;0.6;81;8;20;2052;9;3;1;1;1
727;1;2.5;1;0;1;64;0.2;193;1;9;3654;9;1;1;0;3
686;1;2.7;1;0;0;36;0.1;194;4;1;1503;10;0;0;0;0
1515;1;2.1;1;4;1;24;0.9;176;5;6;3104;6;5;0;0;3
555;1;0.5;1;2;0;17;0.2;163;5;12;343;19;14;1;1;0
1589;0;0.6;0;0;0;5;0.8;112;5;2;3430;7;5;1;1;3
1976;1;2.6;1;6;0;45;1.0;136;4;19;2470;11;1;0;0;3
1884;0;1.0;1;3;0;24;0.5;149;6;4;1396;15;8;1;1;1
1063;0;2.0;0;0;0;27;0.2;86;6;7;2668;12;5;0;0;2
672;1;0.6;1;13;0;61;0.1;194;5;20;1457;14;10;0;1;0
635;1;0.5;0;9;0;16;1.0;110;7;17;2452;19;17;0;0;2
1906;1;1.9;1;3;0;55;0.2;113;3;4;1871;13;5;0;1;1
1753;0;0.7;0;4;0;40;0.6;191;4;11;1112;8;2;1;1;1
659;0;1.4;1;2;1;3;0.1;85;8;6;967;10;1;0;1;0
1583;0;1.2;1;0;0;14;0.2;148;2;4;2498;13;6;0;1;2
1783;0;2.9;1;2;0;42;0.7;104;6;8;387;14;5;1;0;1
1667;0;1.0;1;0;1;21;0.9;138;2;0;635;17;7;0;0;0
640;0;1.3;1;5;1;6;0.6;143;8;20;2711;15;7;1;0;2
1913;1;1.8;0;0;0;29;0.6;111;5;4;2023;17;13;1;0;2
538;0;1.1;1;0;1;25;0.3;163;7;7;2215;9;3;1;1;1
1191;0;0.8;0;6;1;46;0.8;89;6;9;824;19;18;0;0;0
816;0;3.0;1;2;0;9;0.1;117;1;3;3851;10;3;0;1;3
915;1;0.5;1;9;1;33;0.3;199;2;16;2156;7;3;1;0;1
1157;1;0.8;0;7;0;27;0.1;88;8;8;2885;8;4;0;1;3
1201;1;0.5;0;2;0;10;1.0;99;7;7;495;15;6;1;1;0
1379;0;1.1;1;1;1;18;0.2;129;2;16;2358;10;5;1;0;2
1483;1;2.2;0;3;1;53;0.7;169;5;11;1744;6;3;0;0;1
1614;0;1.2;0;1;1;9;0.1;161;3;2;1832;15;8;0;0;1
930;1;1.0;1;4;1;4;0.9;144;8;10;2016;13;10;1;1;1
1454;0;2.6;0;8;0;6;0.4;199;3;20;1300;10;0;0;1;1
1784;0;1.6;0;4;0;41;0.4;164;6;20;2313;14;1;1;0;2
1262;0;1.8;1;12;0;34;0.1;149;5;16;3248;13;3;1;1;2
797;0;2.2;1;0;0;37;0.9;144;7;2;2216;9;5;0;0;1
1829;1;2.1;0;8;0;59;0.1;91;5;15;3142;16;6;1;1;3
1139;1;0.9;1;6;1;58;0.5;161;2;11;1850;9;4;0;0;1
618;1;1.0;0;9;1;13;0.1;80;4;15;1424;15;12;1;0;0
1547;1;2.9;0;2;0;57;0.4;114;1;3;1620;9;2;1;1;1
586;0;2.8;0;2;0;15;0.2;83;3;11;2592;12;8;0;0;1
1617;1;2.4;0;8;1;36;0.8;85;1;9;296;5;3;0;0;0
1882;0;2.0;0;11;1;44;0.8;113;8;19;3579;19;8;1;0;3
674;1;2.9;1;1;0;21;0.2;198;3;4;1180;6;3;1;1;0
1467;1;0.5;0;0;0;18;0.6;122;5;0;3962;15;11;1;1;3
858;0;2.2;0;1;0;50;0.1;84;1;2;3978;17;16;1;0;3
794;1;0.5;1;0;1;2;0.8;106;6;14;668;13;4;1;0;0
1965;1;2.6;1;0;0;39;0.2;187;4;3;2032;11;10;1;1;2
1911;0;0.9;1;1;1;36;0.7;108;8;3;3057;9;1;1;0;3
1512;0;0.9;0;4;1;46;0.1;145;5;5;869;18;10;1;1;0
510;1;2.0;1;5;1;45;0.9;168;6;16;3919;19;4;1;1;3
